{
"type": "FeatureCollection",
"name": "reference_exact_time",
"crs": { "type": "name", "properties": { "name": "urn:ogc:def:crs:OGC:1.3:CRS84" } },
"features": [
{ "type": "Feature", "properties": { "ObjectId": 399, "Shape__Area": 6706.0069122314453, "Shape__Length": 388.3884846170298, "area": 0.399832, "det_method": "Semi-automatic extraction", "dmg_src_id": 3, "event_type": "5-Flood", "notation": "Flooded area", "obj_desc": "Flash flood", "reference": "exact_time", "label": "Operational-product agreement" }, "geometry": { "type": "Polygon", "coordinates": [ [ [ -0.414402678999977, 39.406339173 ], [ -0.414054578999981, 39.406331431000098 ], [ -0.414057905999925, 39.4062414160001 ], [ -0.413825839999959, 39.406236254000099 ], [ -0.413835820999964, 39.405966208000102 ], [ -0.413951853999947, 39.405968789 ], [ -0.413958506999961, 39.405788759000103 ], [ -0.414538668999967, 39.405801662 ], [ -0.414535341999965, 39.405891677000099 ], [ -0.414767406999943, 39.4058968370001 ], [ -0.414760755999964, 39.406076868000099 ], [ -0.414644722999981, 39.406074288000099 ], [ -0.414634744999944, 39.406344334 ], [ -0.41451871199996, 39.406341754 ], [ -0.414515385999948, 39.4064317690001 ], [ -0.414399351999975, 39.406429188000097 ], [ -0.414402678999977, 39.406339173 ] ] ] } },
{ "type": "Feature", "properties": { "ObjectId": 397, "Shape__Area": 5867.8719329833984, "Shape__Length": 466.13275774305845, "area": 0.349853, "det_method": "Semi-automatic extraction", "dmg_src_id": 3, "event_type": "5-Flood", "notation": "Flooded area", "obj_desc": "Flash flood", "reference": "exact_time", "label": "Operational-product agreement" }, "geometry": { "type": "Polygon", "coordinates": [ [ [ -0.413686515999927, 39.40686378 ], [ -0.413683188999926, 39.406953795 ], [ -0.413567154999953, 39.406951214000102 ], [ -0.413570481999955, 39.406861198000101 ], [ -0.413338413999952, 39.4068560360001 ], [ -0.413341741999943, 39.406766020000099 ], [ -0.41322570799997, 39.406763439 ], [ -0.413235691999944, 39.406493393000098 ], [ -0.413467758999957, 39.406498556 ], [ -0.413464430999966, 39.406588571 ], [ -0.413580463999949, 39.4065911530001 ], [ -0.41358379199994, 39.406501137000099 ], [ -0.413699824999981, 39.406503719000099 ], [ -0.413696497999979, 39.406593734000097 ], [ -0.413812531999952, 39.406596315000101 ], [ -0.413809203999961, 39.406686330000099 ], [ -0.413925237999933, 39.406688911000103 ], [ -0.413928564999935, 39.406598896 ], [ -0.414044598999965, 39.406601477 ], [ -0.414041271999963, 39.406691492 ], [ -0.414273338999976, 39.406696654 ], [ -0.414260032999948, 39.407056715000103 ], [ -0.413795895999954, 39.407046391000101 ], [ -0.413802549999957, 39.406866361 ], [ -0.413686515999927, 39.40686378 ] ] ] } },
{ "type": "Feature", "properties": { "ObjectId": 359, "Shape__Area": 32713.365814208984, "Shape__Length": 2124.5865441076239, "area": 1.949188, "det_method": "Semi-automatic extraction", "dmg_src_id": 3, "event_type": "5-Flood", "notation": "Flooded area", "obj_desc": "Flash flood", "reference": "exact_time", "label": "Operational-product agreement" }, "geometry": { "type": "Polygon", "coordinates": [ [ [ -0.418956167999966, 39.4308545230001 ], [ -0.418840093999961, 39.430851945 ], [ -0.418846740999925, 39.430671915000097 ], [ -0.418730666999977, 39.430669337 ], [ -0.418740637999974, 39.430399292000097 ], [ -0.418624564999959, 39.430396714 ], [ -0.418634535999956, 39.430126668000099 ], [ -0.418518462999941, 39.430124091 ], [ -0.418525109999962, 39.42994406 ], [ -0.418409037999936, 39.4299414830001 ], [ -0.418422333999956, 39.429581422000098 ], [ -0.418306260999941, 39.429578844 ], [ -0.418312909999941, 39.429398813 ], [ -0.418196837999972, 39.429396235000098 ], [ -0.418200161999948, 39.4293062200001 ], [ -0.418084089999979, 39.429303642 ], [ -0.418087414999945, 39.429213627 ], [ -0.417971342999977, 39.429211049000102 ], [ -0.417974667999943, 39.429121034 ], [ -0.417858595999974, 39.429118456 ], [ -0.417865244999973, 39.428938425000098 ], [ -0.417749173999937, 39.428935847 ], [ -0.41775249899996, 39.428845832 ], [ -0.41763642799998, 39.428843253 ], [ -0.417639752999946, 39.428753238000098 ], [ -0.417523682999956, 39.428750659000102 ], [ -0.417527007999979, 39.428660644 ], [ -0.417294866999953, 39.4286554870001 ], [ -0.417298191999976, 39.428565472000102 ], [ -0.417182121999929, 39.428562893 ], [ -0.417185446999952, 39.428472878 ], [ -0.417069376999962, 39.428470299 ], [ -0.417072701999928, 39.428380284000099 ], [ -0.416840561999948, 39.428375125000102 ], [ -0.416847213999972, 39.428195095 ], [ -0.416615074999925, 39.428189936000102 ], [ -0.416618400999937, 39.428099921000097 ], [ -0.416502330999947, 39.4280973420001 ], [ -0.416505656999959, 39.428007327 ], [ -0.416273518999958, 39.428002167 ], [ -0.41627684499997, 39.427912152 ], [ -0.416044706999969, 39.427906992 ], [ -0.416048033999971, 39.427816977000099 ], [ -0.41593196499997, 39.427814397000098 ], [ -0.415935291999972, 39.4277243820001 ], [ -0.415819222999971, 39.4277218020001 ], [ -0.415822549999973, 39.427631787000102 ], [ -0.415590412999961, 39.427626626000098 ], [ -0.415593739999963, 39.4275366110001 ], [ -0.415477671999952, 39.4275340310001 ], [ -0.415480998999953, 39.427444016 ], [ -0.415248862999931, 39.427438854000101 ], [ -0.415255517999924, 39.427258824 ], [ -0.415603721999958, 39.4272665660001 ], [ -0.415600394999956, 39.427356581 ], [ -0.415832530999978, 39.427361742000102 ], [ -0.415829203999976, 39.427451757 ], [ -0.416061340999931, 39.427456917 ], [ -0.41605801399993, 39.427546932 ], [ -0.416290150999941, 39.427552092 ], [ -0.416286824999929, 39.427642107000104 ], [ -0.41640289299994, 39.4276446860001 ], [ -0.416399566999928, 39.427734702000102 ], [ -0.416631704999929, 39.427739861000099 ], [ -0.416628378999974, 39.427829876 ], [ -0.416860516999975, 39.427835034000097 ], [ -0.416857190999963, 39.427925050000098 ], [ -0.416973259999963, 39.427927629000102 ], [ -0.416969934999941, 39.4280176440001 ], [ -0.417086003999941, 39.428020223 ], [ -0.417082678999975, 39.428110238 ], [ -0.417198747999976, 39.428112817000098 ], [ -0.417195422999953, 39.428202832000103 ], [ -0.417427561999943, 39.42820799 ], [ -0.417424236999977, 39.428298005 ], [ -0.417540306999967, 39.428300583000102 ], [ -0.417536981999945, 39.428390599000103 ], [ -0.417769121999925, 39.428395756 ], [ -0.417765797999948, 39.428485771000098 ], [ -0.417881867999938, 39.428488349000098 ], [ -0.417878543999961, 39.428578364 ], [ -0.417994613999952, 39.428580942000103 ], [ -0.417991289999975, 39.428670958000097 ], [ -0.418107359999965, 39.428673536000097 ], [ -0.418104035999932, 39.428763551 ], [ -0.418220106999968, 39.428766129000103 ], [ -0.418216782999934, 39.4288561440001 ], [ -0.418332852999924, 39.428858722 ], [ -0.418326204999971, 39.429038752000103 ], [ -0.41844227699994, 39.429041330000103 ], [ -0.418432304999953, 39.429311376 ], [ -0.418548376999979, 39.429313954000101 ], [ -0.418545052999946, 39.429403969000099 ], [ -0.418661124999971, 39.429406546000102 ], [ -0.418657800999938, 39.429496562000097 ], [ -0.418773872999964, 39.429499139 ], [ -0.418767225999943, 39.42967917 ], [ -0.418883298999958, 39.429681747000103 ], [ -0.418876651999938, 39.429861777 ], [ -0.418992724999953, 39.429864355000099 ], [ -0.418982754999945, 39.4301344 ], [ -0.41909882799996, 39.4301369780001 ], [ -0.419092181999929, 39.430317008 ], [ -0.419208254999944, 39.430319585000099 ], [ -0.419198285999926, 39.430589631 ], [ -0.41931435999993, 39.4305922080001 ], [ -0.419301067999925, 39.430952269 ], [ -0.419184993999977, 39.430949692000098 ], [ -0.419178347999946, 39.431129723 ], [ -0.41929442199995, 39.431132300000101 ], [ -0.419284452999932, 39.431402346 ], [ -0.419052302999944, 39.431397191 ], [ -0.419058949999965, 39.431217161000099 ], [ -0.418942874999971, 39.431214584 ], [ -0.418956167999966, 39.4308545230001 ] ] ] } },
{ "type": "Feature", "properties": { "ObjectId": 348, "Shape__Area": 19966.037048339844, "Shape__Length": 1139.5611986633126, "area": 1.189505, "det_method": "Semi-automatic extraction", "dmg_src_id": 3, "event_type": "5-Flood", "notation": "Flooded area", "obj_desc": "Flash flood", "reference": "exact_time", "label": "Operational-product agreement" }, "geometry": { "type": "Polygon", "coordinates": [ [ [ -0.416508273999966, 39.434223527 ], [ -0.416392194999958, 39.434220947 ], [ -0.416395521999959, 39.434130932000102 ], [ -0.416511600999968, 39.434133512000102 ], [ -0.416518254999971, 39.433953481000103 ], [ -0.41663433399998, 39.433956061000103 ], [ -0.416637660999925, 39.433866046 ], [ -0.416753739999933, 39.433868626 ], [ -0.416757065999946, 39.433778611 ], [ -0.416873144999954, 39.43378119 ], [ -0.416876471999956, 39.433691175 ], [ -0.417108628999927, 39.433696334 ], [ -0.417115280999951, 39.433516304000101 ], [ -0.417347438999968, 39.433521462 ], [ -0.417350763999934, 39.433431447 ], [ -0.417582920999962, 39.433436605000097 ], [ -0.417586245999928, 39.43334659 ], [ -0.417702324999937, 39.433349168000099 ], [ -0.417705649999959, 39.433259153000101 ], [ -0.417821727999979, 39.433261732000098 ], [ -0.417825052999945, 39.4331717170001 ], [ -0.418057208999926, 39.433176874 ], [ -0.418060533999949, 39.433086858 ], [ -0.418176611999968, 39.433089437 ], [ -0.418179936999934, 39.432999421 ], [ -0.418412091999926, 39.433004578000102 ], [ -0.418422064999959, 39.432734532 ], [ -0.419234606999964, 39.432752574000098 ], [ -0.419231282999931, 39.432842590000099 ], [ -0.41934736099995, 39.432845167 ], [ -0.419334067999955, 39.433205228000098 ], [ -0.419101911999974, 39.433200073000101 ], [ -0.41910523599995, 39.433110058000103 ], [ -0.418640923999931, 39.433099748000103 ], [ -0.418637599999954, 39.433189764000097 ], [ -0.418521520999946, 39.433187186000097 ], [ -0.418518196999969, 39.433277201000102 ], [ -0.41840211899995, 39.433274623 ], [ -0.418398794999973, 39.4333646380001 ], [ -0.418282715999965, 39.43336206 ], [ -0.418279391999931, 39.433452075 ], [ -0.41804723499996, 39.433446919000097 ], [ -0.418040584999972, 39.433626949 ], [ -0.417808427999944, 39.433621792000103 ], [ -0.417805101999932, 39.433711808000098 ], [ -0.417572944999961, 39.43370665 ], [ -0.417569618999948, 39.433796665 ], [ -0.41745353999994, 39.433794086 ], [ -0.417446888999962, 39.433974117 ], [ -0.417330809999953, 39.433971538 ], [ -0.417327483999941, 39.434061553 ], [ -0.417211403999943, 39.434058974 ], [ -0.417208077999931, 39.4341489890001 ], [ -0.417091998999979, 39.434146409 ], [ -0.417088672999967, 39.434236425000101 ], [ -0.416856512999971, 39.434231266 ], [ -0.416853186999958, 39.434321281000102 ], [ -0.416504946999964, 39.434313542 ], [ -0.416508273999966, 39.434223527 ] ] ] } },
{ "type": "Feature", "properties": { "ObjectId": 345, "Shape__Area": 19799.12043762207, "Shape__Length": 1475.0752604091865, "area": 1.179515, "det_method": "Semi-automatic extraction", "dmg_src_id": 3, "event_type": "5-Flood", "notation": "Flooded area", "obj_desc": "Flash flood", "reference": "exact_time", "label": "Operational-product agreement" }, "geometry": { "type": "Polygon", "coordinates": [ [ [ -0.421393592999948, 39.434061734000103 ], [ -0.421625752999944, 39.434066884000103 ], [ -0.421622432999925, 39.434156899000101 ], [ -0.421854592999978, 39.434162048000097 ], [ -0.421851272999959, 39.434252064000098 ], [ -0.422083432999955, 39.434257213000102 ], [ -0.422080112999936, 39.434347228 ], [ -0.422196192999934, 39.434349802 ], [ -0.422192873999961, 39.434439818 ], [ -0.422425034999947, 39.4344449660001 ], [ -0.422421715999974, 39.434534981000098 ], [ -0.422886037999945, 39.434545276000101 ], [ -0.422882719999961, 39.434635292000102 ], [ -0.423579204999953, 39.434650731 ], [ -0.42357588699997, 39.434740747 ], [ -0.423924130999978, 39.434748465 ], [ -0.423920812999938, 39.434838480000103 ], [ -0.424849463999976, 39.434859057 ], [ -0.424846147999972, 39.434949072000101 ], [ -0.42519439299997, 39.434956787 ], [ -0.425191076999965, 39.435046802 ], [ -0.426119731999961, 39.435067369000102 ], [ -0.426116416999946, 39.435157384 ], [ -0.42623249899998, 39.435159955000103 ], [ -0.426229184999954, 39.43524997 ], [ -0.426461348999965, 39.435255111000103 ], [ -0.426458034999939, 39.435345126000101 ], [ -0.425877622999963, 39.4353322750001 ], [ -0.425880937999978, 39.435242259000098 ], [ -0.424604034999959, 39.435213976000099 ], [ -0.424607351999953, 39.435123960000098 ], [ -0.424026942999944, 39.435111099 ], [ -0.424030259999938, 39.435021084 ], [ -0.423449851999976, 39.43500822 ], [ -0.423453169999959, 39.434918205 ], [ -0.422988844999963, 39.434907912 ], [ -0.422992162999947, 39.434817896 ], [ -0.42252783899994, 39.434807602 ], [ -0.42253115799997, 39.434717586 ], [ -0.422182914999951, 39.434709864000098 ], [ -0.42218623499997, 39.4346198490001 ], [ -0.421954072999938, 39.434614700000097 ], [ -0.421957392999957, 39.434524684000102 ], [ -0.42184131199997, 39.43452211 ], [ -0.421844631999932, 39.434432094 ], [ -0.421728551999934, 39.43442952 ], [ -0.421731871999953, 39.434339504 ], [ -0.421615791999955, 39.43433693 ], [ -0.421619111999973, 39.434246914 ], [ -0.421503031999976, 39.434244339 ], [ -0.421506352999927, 39.434154324000097 ], [ -0.421390272999929, 39.434151749000101 ], [ -0.421393592999948, 39.434061734000103 ] ] ] } },
{ "type": "Feature", "properties": { "ObjectId": 341, "Shape__Area": 16612.195678710938, "Shape__Length": 1216.7736342771623, "area": 0.989604, "det_method": "Semi-automatic extraction", "dmg_src_id": 3, "event_type": "5-Flood", "notation": "Flooded area", "obj_desc": "Flash flood", "reference": "exact_time", "label": "Operational-product agreement" }, "geometry": { "type": "Polygon", "coordinates": [ [ [ -0.43465697299996, 39.436697518000102 ], [ -0.434424801999967, 39.436692394 ], [ -0.434428105999928, 39.436602378 ], [ -0.434312020999926, 39.436599816000097 ], [ -0.434315324999943, 39.436509799000099 ], [ -0.434083154999939, 39.436504675 ], [ -0.434086459999946, 39.436414658 ], [ -0.433506035999926, 39.436401845 ], [ -0.433509340999933, 39.436311828 ], [ -0.433393256999977, 39.436309265 ], [ -0.433396561999928, 39.436219249 ], [ -0.433280476999926, 39.436216686000101 ], [ -0.433287088999975, 39.436036653 ], [ -0.433635340999956, 39.436044343 ], [ -0.433632035999949, 39.4361343590001 ], [ -0.433864204999963, 39.436139484000101 ], [ -0.433860899999956, 39.436229501000099 ], [ -0.433976984999958, 39.436232063 ], [ -0.433973679999951, 39.43632208 ], [ -0.434205848999966, 39.436327204000101 ], [ -0.434202544999948, 39.436417221000099 ], [ -0.43431862999995, 39.436419783000098 ], [ -0.434321933999968, 39.436329767000103 ], [ -0.434554102999925, 39.436334891000101 ], [ -0.434550799999954, 39.436424907000102 ], [ -0.434782968999968, 39.436430031 ], [ -0.43477966599994, 39.436520047 ], [ -0.434895750999942, 39.4365226090001 ], [ -0.434892446999925, 39.436612625000102 ], [ -0.435240702999977, 39.436620310000102 ], [ -0.435237399999949, 39.436710326 ], [ -0.43535348599994, 39.436712887000098 ], [ -0.435356787999979, 39.436622871000097 ], [ -0.435705043999974, 39.436630554 ], [ -0.435701741999935, 39.436720571000102 ], [ -0.435933912999928, 39.436725692 ], [ -0.435930610999947, 39.436815708 ], [ -0.436394953999979, 39.436825950000099 ], [ -0.436391651999941, 39.436915967000097 ], [ -0.436739909999972, 39.4369236470001 ], [ -0.436736608999979, 39.437013663000101 ], [ -0.43685269499997, 39.4370162230001 ], [ -0.436849393999978, 39.437106239000101 ], [ -0.436965479999969, 39.437108799 ], [ -0.436958877999928, 39.437288832 ], [ -0.436610617999975, 39.437281152 ], [ -0.436613919999957, 39.437191136 ], [ -0.436381746999928, 39.437186016000098 ], [ -0.436385048999966, 39.4370959990001 ], [ -0.435456359999932, 39.437075514000099 ], [ -0.435459662999961, 39.436985498000098 ], [ -0.435227490999978, 39.436980375000097 ], [ -0.435230793999949, 39.436890359000103 ], [ -0.434882536999964, 39.436882674000103 ], [ -0.434885839999936, 39.436792658000101 ], [ -0.434653668999943, 39.436787534000104 ], [ -0.43465697299996, 39.436697518000102 ] ] ] } },
{ "type": "Feature", "properties": { "ObjectId": 340, "Shape__Area": 10739.592086791992, "Shape__Length": 931.75672267523305, "area": 0.639748, "det_method": "Semi-automatic extraction", "dmg_src_id": 3, "event_type": "5-Flood", "notation": "Flooded area", "obj_desc": "Flash flood", "reference": "exact_time", "label": "Operational-product agreement" }, "geometry": { "type": "Polygon", "coordinates": [ [ [ -0.439045139999962, 39.4374249030001 ], [ -0.439857749999931, 39.437442803000103 ], [ -0.439854451999963, 39.437532820000101 ], [ -0.440318801999979, 39.437543046 ], [ -0.440315504999944, 39.437633063000099 ], [ -0.44077985499996, 39.4376432870001 ], [ -0.440776558999971, 39.437733304000098 ], [ -0.441124821999949, 39.437740971 ], [ -0.441121525999961, 39.437830988 ], [ -0.441353701999958, 39.437836098 ], [ -0.44135040599997, 39.437926115 ], [ -0.441698670999926, 39.437933781 ], [ -0.441695375999927, 39.438023797 ], [ -0.441811463999954, 39.438026352000101 ], [ -0.441808168999955, 39.438116369000099 ], [ -0.442040345999942, 39.438121478 ], [ -0.442037050999943, 39.438211495000097 ], [ -0.442153139999959, 39.438214050000099 ], [ -0.44214984599995, 39.438304067 ], [ -0.44168549099993, 39.4382938480001 ], [ -0.441688785999929, 39.438203831000102 ], [ -0.44157269699997, 39.438201276 ], [ -0.441575991999969, 39.438111259 ], [ -0.441343815999971, 39.438106149000099 ], [ -0.44134711099997, 39.438016132 ], [ -0.441114934999973, 39.438011021000101 ], [ -0.441118229999972, 39.437921004 ], [ -0.44042170299997, 39.437905669 ], [ -0.440424998999958, 39.437815652 ], [ -0.439960647999953, 39.4378054270001 ], [ -0.439963944999931, 39.437715410000102 ], [ -0.439383507999935, 39.437702625 ], [ -0.439386805999959, 39.437612609 ], [ -0.439154630999951, 39.437607494000098 ], [ -0.439157928999975, 39.437517477 ], [ -0.439041841999938, 39.437514920000098 ], [ -0.439045139999962, 39.4374249030001 ] ] ] } },
{ "type": "Feature", "properties": { "ObjectId": 338, "Shape__Area": 5370.1357421875, "Shape__Length": 362.72421196180483, "area": 0.319872, "det_method": "Semi-automatic extraction", "dmg_src_id": 3, "event_type": "5-Flood", "notation": "Flooded area", "obj_desc": "Flash flood", "reference": "exact_time", "label": "Operational-product agreement" }, "geometry": { "type": "Polygon", "coordinates": [ [ [ -0.434169922999956, 39.440470513 ], [ -0.433937739999976, 39.440465388000099 ], [ -0.433941044999926, 39.440375371000101 ], [ -0.433824953999931, 39.440372809000102 ], [ -0.433834869999941, 39.440102760000102 ], [ -0.433950960999937, 39.440105323000097 ], [ -0.433957570999951, 39.439925291000101 ], [ -0.434189752999941, 39.439930416 ], [ -0.434186447999934, 39.440020432 ], [ -0.434418628999936, 39.440025557000098 ], [ -0.434415324999975, 39.440115573000099 ], [ -0.43453141599997, 39.440118135 ], [ -0.434524806999946, 39.440298168 ], [ -0.434640897999941, 39.44030073 ], [ -0.43463759399998, 39.440390746 ], [ -0.434521502999928, 39.440388184 ], [ -0.434518197999978, 39.4404782 ], [ -0.434402105999936, 39.440475638000102 ], [ -0.434398801999976, 39.440565654000103 ], [ -0.434166617999949, 39.440560529 ], [ -0.434169922999956, 39.440470513 ] ] ] } },
{ "type": "Feature", "properties": { "ObjectId": 330, "Shape__Area": 14603.465469360352, "Shape__Length": 700.08817029354191, "area": 0.869637, "det_method": "Semi-automatic extraction", "dmg_src_id": 3, "event_type": "5-Flood", "notation": "Flooded area", "obj_desc": "Flash flood", "reference": "exact_time", "label": "Operational-product agreement" }, "geometry": { "type": "Polygon", "coordinates": [ [ [ -0.415935823999973, 39.449706088 ], [ -0.415819718999956, 39.449703507 ], [ -0.415846354999928, 39.448983389 ], [ -0.415730250999957, 39.448980807000098 ], [ -0.415743569999961, 39.448620748000103 ], [ -0.415859672999943, 39.44862333 ], [ -0.41586633199995, 39.4484433000001 ], [ -0.416098537999972, 39.448448462 ], [ -0.416105196999979, 39.448268433000102 ], [ -0.416221298999972, 39.448271014000099 ], [ -0.416217969999934, 39.448361029000097 ], [ -0.416682382999966, 39.448371351 ], [ -0.416669068999965, 39.448731411 ], [ -0.416436861999955, 39.448726249000103 ], [ -0.416430203999937, 39.448906279 ], [ -0.416314099999965, 39.448903698 ], [ -0.416294126999958, 39.449443787000099 ], [ -0.416410231999976, 39.449446368000103 ], [ -0.41639691599994, 39.449806427000098 ], [ -0.416280810999979, 39.449803846000101 ], [ -0.416277481999941, 39.449893861000099 ], [ -0.415929164999966, 39.449886117000098 ], [ -0.415935823999973, 39.449706088 ] ] ] } },
{ "type": "Feature", "properties": { "ObjectId": 957, "Shape__Area": 8113.7616119384766, "Shape__Length": 1031.5522205407729, "area": 0.484398, "det_method": "Semi-automatic extraction", "dmg_src_id": 3, "event_type": "5-Flood", "notation": "Flooded area", "obj_desc": "Flash flood", "reference": "exact_time", "label": "Operational-product agreement" }, "geometry": { "type": "Polygon", "coordinates": [ [ [ -0.391140233999977, 39.360684793000097 ], [ -0.39183226199998, 39.360700315 ], [ -0.391849010999977, 39.360250243000102 ], [ -0.391733055999964, 39.360247643 ], [ -0.391739755999936, 39.360067614000101 ], [ -0.391855710999948, 39.360070214000103 ], [ -0.391858323334542, 39.36 ], [ -0.392326197220421, 39.36 ], [ -0.392320333999976, 39.360157563 ], [ -0.392088432999969, 39.360152363000097 ], [ -0.39208173399993, 39.360332386 ], [ -0.391849831999934, 39.360327185000102 ], [ -0.391843132999952, 39.360507208000101 ], [ -0.392075034999948, 39.360512409000101 ], [ -0.392061636999927, 39.360872454000102 ], [ -0.39113402299995, 39.360851649 ], [ -0.391135260999931, 39.360818380000097 ], [ -0.391140233999977, 39.360684793000097 ] ] ] } },
{ "type": "Feature", "properties": { "ObjectId": 959, "Shape__Area": 16247.426391601562, "Shape__Length": 643.82876190768525, "area": 0.96965, "det_method": "Semi-automatic extraction", "dmg_src_id": 3, "event_type": "5-Flood", "notation": "Flooded area", "obj_desc": "Flash flood", "reference": "exact_time", "label": "Operational-product agreement" }, "geometry": { "type": "Polygon", "coordinates": [ [ [ -0.390246957999977, 39.3721061110001 ], [ -0.390362932999949, 39.372108714 ], [ -0.39036628599996, 39.372018700000098 ], [ -0.390482259999942, 39.3720213020001 ], [ -0.390485612999953, 39.371931288 ], [ -0.390717560999974, 39.371936493000099 ], [ -0.390720913999928, 39.371846479000098 ], [ -0.390836886999978, 39.3718490810001 ], [ -0.390833534999956, 39.371939095000101 ], [ -0.391529379999952, 39.3719547050001 ], [ -0.391532730999927, 39.371864691 ], [ -0.391884318999928, 39.371872577 ], [ -0.39187812199998, 39.372039047 ], [ -0.391646180999942, 39.372033845 ], [ -0.391640240999948, 39.372193392 ], [ -0.391632775999938, 39.372393889000101 ], [ -0.391400833999967, 39.3723886860001 ], [ -0.391387426999927, 39.372748731000101 ], [ -0.390459655999962, 39.372727915 ], [ -0.390466361999927, 39.372547893 ], [ -0.390234419999956, 39.372542688000102 ], [ -0.390247832999933, 39.372182644000098 ], [ -0.390244109999969, 39.372182560000098 ], [ -0.390246957999977, 39.3721061110001 ] ] ] } },
{ "type": "Feature", "properties": { "ObjectId": 421, "Shape__Area": 12396.350463867188, "Shape__Length": 569.59189725854424, "area": 0.739674, "det_method": "Semi-automatic extraction", "dmg_src_id": 3, "event_type": "5-Flood", "notation": "Flooded area", "obj_desc": "Flash flood", "reference": "exact_time", "label": "Operational-product agreement" }, "geometry": { "type": "Polygon", "coordinates": [ [ [ -0.394495419999942, 39.379588707 ], [ -0.394379432999926, 39.379586108000098 ], [ -0.39438278199998, 39.379496094 ], [ -0.394266794999965, 39.379493495000098 ], [ -0.394270143999961, 39.3794034800001 ], [ -0.393922183999962, 39.379395683 ], [ -0.393925533999948, 39.379305668 ], [ -0.393693560999964, 39.379300469 ], [ -0.39369690999996, 39.379210455000099 ], [ -0.393580923999934, 39.379207855000097 ], [ -0.393587623999963, 39.379027827000101 ], [ -0.393703609999932, 39.379030427 ], [ -0.393717007999953, 39.378670369000098 ], [ -0.393832993999979, 39.378672969 ], [ -0.393836342999975, 39.378582955000098 ], [ -0.39418429899996, 39.378590753 ], [ -0.394180949999964, 39.378680767 ], [ -0.394412920999969, 39.378685965 ], [ -0.394409572999962, 39.378775979000103 ], [ -0.394525557999941, 39.378778578 ], [ -0.394522209999934, 39.378868592000103 ], [ -0.39463819599996, 39.378871191 ], [ -0.394624801999953, 39.379231248000103 ], [ -0.394740787999979, 39.379233847000101 ], [ -0.394727393999972, 39.379593904 ], [ -0.394611406999957, 39.379591306000101 ], [ -0.39460805899995, 39.37968132 ], [ -0.394492071999935, 39.379678721000097 ], [ -0.394495419999942, 39.379588707 ] ] ] } },
{ "type": "Feature", "properties": { "ObjectId": 420, "Shape__Area": 7035.8875122070312, "Shape__Length": 414.17667992444365, "area": 0.419814, "det_method": "Semi-automatic extraction", "dmg_src_id": 3, "event_type": "5-Flood", "notation": "Flooded area", "obj_desc": "Flash flood", "reference": "exact_time", "label": "Operational-product agreement" }, "geometry": { "type": "Polygon", "coordinates": [ [ [ -0.392407655999932, 39.379541909000103 ], [ -0.392523642999947, 39.379544510000102 ], [ -0.392530344999955, 39.379364481 ], [ -0.392762317999939, 39.379369683 ], [ -0.392758966999963, 39.379459697000101 ], [ -0.392990940999937, 39.379464898 ], [ -0.392987589999962, 39.379554912000103 ], [ -0.393219563999935, 39.379560112 ], [ -0.39321621299996, 39.379650127 ], [ -0.393332199999975, 39.379652727000099 ], [ -0.393315448999942, 39.380102798000102 ], [ -0.392967485999975, 39.3800949970001 ], [ -0.392970835999961, 39.380004983 ], [ -0.392738860999941, 39.379999782 ], [ -0.392742211999973, 39.379909768000097 ], [ -0.392626224999958, 39.379907167000098 ], [ -0.392629575999933, 39.379817153 ], [ -0.392513588999975, 39.379814552 ], [ -0.39251693999995, 39.379724538000097 ], [ -0.392400952999935, 39.379721937000099 ], [ -0.392407655999932, 39.379541909000103 ] ] ] } },
{ "type": "Feature", "properties": { "ObjectId": 419, "Shape__Area": 12564.400054931641, "Shape__Length": 543.66579043616832, "area": 0.749668, "det_method": "Semi-automatic extraction", "dmg_src_id": 3, "event_type": "5-Flood", "notation": "Flooded area", "obj_desc": "Flash flood", "reference": "exact_time", "label": "Operational-product agreement" }, "geometry": { "type": "Polygon", "coordinates": [ [ [ -0.390958808999926, 39.381040928000097 ], [ -0.390842819999932, 39.381038325000098 ], [ -0.390839465999932, 39.381128339 ], [ -0.390723476999938, 39.381125737 ], [ -0.390726830999938, 39.381035723 ], [ -0.39049485299995, 39.381030517000099 ], [ -0.390514976999953, 39.380490433 ], [ -0.390630964999957, 39.380493036000097 ], [ -0.390634318999957, 39.380403022000102 ], [ -0.390750306999962, 39.380405625 ], [ -0.390757013999973, 39.380225596000102 ], [ -0.39133695299995, 39.380238608000099 ], [ -0.391333599999939, 39.380328622 ], [ -0.391449587999944, 39.380331224 ], [ -0.391446234999933, 39.380421238000103 ], [ -0.391678211999931, 39.380426442 ], [ -0.39166480199998, 39.380786498000099 ], [ -0.391548812999929, 39.3807838970001 ], [ -0.391545459999975, 39.380873911 ], [ -0.391429470999924, 39.380871309 ], [ -0.39142611799997, 39.380961323000101 ], [ -0.391194139999925, 39.380956119000103 ], [ -0.391190786999971, 39.381046133 ], [ -0.391074797999977, 39.381043530000099 ], [ -0.391071444999966, 39.3811335440001 ], [ -0.390955455999972, 39.381130942 ], [ -0.390958808999926, 39.381040928000097 ] ] ] } },
{ "type": "Feature", "properties": { "ObjectId": 416, "Shape__Area": 15916.186553955078, "Shape__Length": 621.1943057057058, "area": 0.949578, "det_method": "Semi-automatic extraction", "dmg_src_id": 3, "event_type": "5-Flood", "notation": "Flooded area", "obj_desc": "Flash flood", "reference": "exact_time", "label": "Operational-product agreement" }, "geometry": { "type": "Polygon", "coordinates": [ [ [ -0.390742204999924, 39.383738745000102 ], [ -0.390626210999926, 39.383736142 ], [ -0.390629565999973, 39.383646128000102 ], [ -0.390397578999966, 39.383640922 ], [ -0.390394223999976, 39.383730936000099 ], [ -0.39, 39.383722088404092 ], [ -0.39, 39.383181552937884 ], [ -0.390066372999968, 39.383183043 ], [ -0.390069727999958, 39.383093029000101 ], [ -0.391113660999963, 39.383116455 ], [ -0.391110306999963, 39.3832064690001 ], [ -0.39134229299998, 39.383211674000101 ], [ -0.391335585999968, 39.383391702 ], [ -0.391451578999977, 39.383394304 ], [ -0.391438166999933, 39.383754360000097 ], [ -0.391322172999935, 39.383751758000102 ], [ -0.391318819999924, 39.383841772 ], [ -0.391202825999926, 39.38383917 ], [ -0.391196118999972, 39.384019198 ], [ -0.390848136999978, 39.384011390000097 ], [ -0.390851490999978, 39.383921376 ], [ -0.39073549699998, 39.383918773000097 ], [ -0.390742204999924, 39.383738745000102 ] ] ] } },
{ "type": "Feature", "properties": { "ObjectId": 415, "Shape__Area": 5863.9291076660156, "Shape__Length": 336.59014186709499, "area": 0.349845, "det_method": "Semi-automatic extraction", "dmg_src_id": 3, "event_type": "5-Flood", "notation": "Flooded area", "obj_desc": "Flash flood", "reference": "exact_time", "label": "Operational-product agreement" }, "geometry": { "type": "Polygon", "coordinates": [ [ [ -0.391898788999924, 39.3838547820001 ], [ -0.391782794999926, 39.383852180000098 ], [ -0.391786147999937, 39.383762166000103 ], [ -0.391902140999946, 39.383764768 ], [ -0.391908846999968, 39.383584740000103 ], [ -0.392488813999933, 39.383597747000103 ], [ -0.392468702999963, 39.384137831 ], [ -0.392352707999976, 39.38413523 ], [ -0.392349355999954, 39.384225244 ], [ -0.391885377999927, 39.384214838 ], [ -0.391898788999924, 39.3838547820001 ] ] ] } },
{ "type": "Feature", "properties": { "ObjectId": 806, "Shape__Area": 147230455.11657715, "Shape__Length": 388624.20101261412, "area": 8807.449, "det_method": "Semi-automatic extraction", "dmg_src_id": 3, "event_type": "5-Flood", "notation": "Flooded area", "obj_desc": "Flash flood", "reference": "exact_time", "label": "Operational-product agreement" }, "geometry": { "type": "MultiPolygon", "coordinates": [ [ [ [ -0.391855710999948, 39.360070214000103 ], [ -0.391739755999936, 39.360067614000101 ], [ -0.391733055999964, 39.360247643 ], [ -0.391849010999977, 39.360250243000102 ], [ -0.39183226199998, 39.360700315 ], [ -0.391140233999977, 39.360684793000097 ], [ -0.390904617999979, 39.360679508 ], [ -0.390897914999925, 39.360859537000103 ], [ -0.39078195999997, 39.360856935000101 ], [ -0.390788661999977, 39.360676906 ], [ -0.390556750999963, 39.360671703 ], [ -0.390560102999927, 39.360581689000099 ], [ -0.390447876999929, 39.360579171 ], [ -0.390444147999972, 39.360579087000097 ], [ -0.390437443999929, 39.360759116000096 ], [ -0.390321488999973, 39.360756514000101 ], [ -0.390311923999946, 39.361013377000099 ], [ -0.390303722999931, 39.361233594000097 ], [ -0.390274599999941, 39.3612228000001 ], [ -0.390195299999959, 39.361202 ], [ -0.390125099999977, 39.361183600000103 ], [ -0.390065399999969, 39.3611668 ], [ -0.39, 39.3611391534779 ], [ -0.39, 39.36 ], [ -0.391858323334542, 39.36 ], [ -0.391855710999948, 39.360070214000103 ] ] ], [ [ [ -0.390111670999943, 39.363274311000097 ], [ -0.390118375999975, 39.363094283000102 ], [ -0.390002416999948, 39.36309168 ], [ -0.390056054999945, 39.361651452 ], [ -0.390172011999937, 39.361654054 ], [ -0.390178716999969, 39.361474026000103 ], [ -0.390294672999971, 39.361476628 ], [ -0.390298024999936, 39.361386614 ], [ -0.390334229999951, 39.3613874260001 ], [ -0.390368499999965, 39.3614156 ], [ -0.390422099999967, 39.361409400000099 ], [ -0.39044247299995, 39.361389855 ], [ -0.390529937999929, 39.361391818000101 ], [ -0.390526586999954, 39.361481832 ], [ -0.390642543999945, 39.361484434 ], [ -0.390639191999981, 39.361574448000098 ], [ -0.390755148999972, 39.361577050000101 ], [ -0.390748445999975, 39.361757078 ], [ -0.390864402999966, 39.36175968 ], [ -0.390861051999934, 39.361849694000099 ], [ -0.391208923999955, 39.361857498000099 ], [ -0.39121227499993, 39.361767484 ], [ -0.391328231999978, 39.361770085 ], [ -0.391331582999953, 39.361680071000102 ], [ -0.391447539999945, 39.361682672 ], [ -0.391457591999938, 39.361412628 ], [ -0.391921418999971, 39.361423031000101 ], [ -0.391918068999928, 39.361513046 ], [ -0.392034025999976, 39.361515646 ], [ -0.392023975999962, 39.361785689 ], [ -0.391792061999979, 39.3617804880001 ], [ -0.391788710999947, 39.361870503 ], [ -0.391556795999975, 39.361865301000101 ], [ -0.391553445999932, 39.361955316 ], [ -0.391437487999951, 39.361952715 ], [ -0.391436145999933, 39.361988776 ], [ -0.391430786999933, 39.362132743000103 ], [ -0.391314828999953, 39.362130142000098 ], [ -0.391311478999967, 39.362220157 ], [ -0.390963604999968, 39.362212353000103 ], [ -0.390956901999971, 39.362392382000102 ], [ -0.390840943999933, 39.3623897800001 ], [ -0.390814131999946, 39.363109895 ], [ -0.390698172999976, 39.363107293 ], [ -0.390694820999954, 39.3631973070001 ], [ -0.390462901999967, 39.363192103000102 ], [ -0.390449493999938, 39.36355216 ], [ -0.390565453999955, 39.363554762 ], [ -0.390562101999933, 39.363644777 ], [ -0.390678062999939, 39.363647379 ], [ -0.39068141499996, 39.363557364 ], [ -0.390797374999977, 39.363559966 ], [ -0.390800725999952, 39.363469952000102 ], [ -0.390916685999969, 39.363472553000101 ], [ -0.390923388999965, 39.363292525000098 ], [ -0.391503187999945, 39.363305531 ], [ -0.391500330999975, 39.3633822850001 ], [ -0.391499836999969, 39.363395545000103 ], [ -0.391503526999941, 39.363395628 ], [ -0.391847716999962, 39.363403348000098 ], [ -0.391844366999976, 39.363493362 ], [ -0.391960326999936, 39.363495963 ], [ -0.391957887999979, 39.363561493000098 ], [ -0.391957470999955, 39.363572711000103 ], [ -0.39195697699995, 39.363585977000099 ], [ -0.391960650999977, 39.363586059000099 ], [ -0.392072937999956, 39.363588577 ], [ -0.392062887999941, 39.363858621000098 ], [ -0.392178848999947, 39.363861221 ], [ -0.392175498999961, 39.363951235000101 ], [ -0.392291459999967, 39.3639538360001 ], [ -0.392284759999939, 39.364133864000102 ], [ -0.392400721999934, 39.364136464000097 ], [ -0.392394516999957, 39.364303202 ], [ -0.39238732299998, 39.364496522 ], [ -0.392390980999949, 39.364496604000102 ], [ -0.392967132999956, 39.364509521000102 ], [ -0.392960434999964, 39.36468955 ], [ -0.393076396999959, 39.364692150000103 ], [ -0.393073047999962, 39.364782164000097 ], [ -0.39314226099998, 39.364783716 ], [ -0.393189010999947, 39.364784764 ], [ -0.393185661999951, 39.3648747780001 ], [ -0.393417586999931, 39.364879976000097 ], [ -0.393414238999981, 39.364969991000102 ], [ -0.393646163999961, 39.364975189000099 ], [ -0.393639467999947, 39.365155218 ], [ -0.393755430999931, 39.365157817000103 ], [ -0.393752082999924, 39.365247831 ], [ -0.39363611999994, 39.365245232000099 ], [ -0.393629423999926, 39.365425261 ], [ -0.393573812999932, 39.365424015 ], [ -0.393513459999951, 39.3654226620001 ], [ -0.393510111999944, 39.365512677 ], [ -0.39304625699998, 39.36550228 ], [ -0.393042907999927, 39.365592294000102 ], [ -0.392926944999942, 39.3655896940001 ], [ -0.392923595999946, 39.365679709000098 ], [ -0.392807631999972, 39.365677109 ], [ -0.392804281999929, 39.365767123000097 ], [ -0.39245638999995, 39.365759324000102 ], [ -0.392453040999953, 39.365849338 ], [ -0.392337076999979, 39.365846738000101 ], [ -0.392323676999979, 39.366206795 ], [ -0.392671570999937, 39.366214596000098 ], [ -0.392668221999941, 39.36630461 ], [ -0.392798512999946, 39.366307531000103 ], [ -0.392900151999925, 39.366309810000097 ], [ -0.392896801999939, 39.366399824 ], [ -0.393360662999953, 39.366410222000098 ], [ -0.393357313999957, 39.366500236 ], [ -0.39358924499993, 39.3665054350001 ], [ -0.393582547999927, 39.366685464000099 ], [ -0.393698513999936, 39.366688063 ], [ -0.39369516499994, 39.366778077 ], [ -0.39381113099995, 39.366780676000097 ], [ -0.393807782999943, 39.36687069 ], [ -0.393923748999953, 39.366873289000097 ], [ -0.393913704999932, 39.367143333000101 ], [ -0.393797738999979, 39.367140734 ], [ -0.393794390999972, 39.367230748000097 ], [ -0.393678423999972, 39.367228149 ], [ -0.393668378999962, 39.367498193000102 ], [ -0.393552411999963, 39.367495594 ], [ -0.393542365999963, 39.367765637 ], [ -0.393434290999949, 39.367763214 ], [ -0.392846561999932, 39.36775004 ], [ -0.392849911999974, 39.367660025000099 ], [ -0.392617976999929, 39.367654825 ], [ -0.392634725999926, 39.367204754000099 ], [ -0.392518759999973, 39.367202154 ], [ -0.39252210899997, 39.367112139 ], [ -0.39240614299996, 39.367109539000097 ], [ -0.392375992999973, 39.367919668000098 ], [ -0.392491960999962, 39.367922268 ], [ -0.392488610999976, 39.368012283 ], [ -0.392720545999964, 39.368017483000102 ], [ -0.392717196999968, 39.368107497 ], [ -0.393181067999933, 39.368117896000101 ], [ -0.393177718999937, 39.368207911000098 ], [ -0.393261734999953, 39.368209794000101 ], [ -0.393409654999971, 39.368213110000099 ], [ -0.393402957999967, 39.368393139 ], [ -0.393250333999958, 39.368389718000103 ], [ -0.393171020999944, 39.36838794 ], [ -0.393167671999947, 39.368477954000099 ], [ -0.392819765999946, 39.368470155000097 ], [ -0.392813066999963, 39.368650183000099 ], [ -0.392697097999928, 39.368647583 ], [ -0.392684198999973, 39.368994187000098 ], [ -0.392680348999932, 39.369097655000097 ], [ -0.392683990999956, 39.369097737000097 ], [ -0.392796318999956, 39.369100255 ], [ -0.39279296899997, 39.36919027 ], [ -0.393372817999932, 39.369203268 ], [ -0.393369468999936, 39.3692932820001 ], [ -0.393446206999954, 39.369295002000101 ], [ -0.393601408999928, 39.369298481 ], [ -0.393594710999935, 39.3694785100001 ], [ -0.393710681999949, 39.369481109 ], [ -0.393707332999952, 39.3695711230001 ], [ -0.393823302999976, 39.369573722 ], [ -0.393816606999962, 39.369753751000097 ], [ -0.39393257699993, 39.36975635 ], [ -0.393922531999976, 39.370026393 ], [ -0.393806560999963, 39.370023795000101 ], [ -0.393799863999959, 39.370203823000097 ], [ -0.393770813999936, 39.370203172000103 ], [ -0.393683892999945, 39.370201224 ], [ -0.393680543999949, 39.370291239 ], [ -0.393564572999935, 39.370288639000101 ], [ -0.393554525999946, 39.370558683000098 ], [ -0.393670497999949, 39.370561282 ], [ -0.393660451999949, 39.370831325 ], [ -0.393544478999956, 39.370828726000099 ], [ -0.393527734999964, 39.371278798 ], [ -0.393411760999925, 39.371276198 ], [ -0.393408411999928, 39.371366212000098 ], [ -0.392944518999968, 39.371355814 ], [ -0.392931119999957, 39.371715871 ], [ -0.39304709399994, 39.371718471000101 ], [ -0.393043743999954, 39.371808485 ], [ -0.393159717999936, 39.371811085 ], [ -0.393153018999953, 39.371991114 ], [ -0.393268992999936, 39.371993713000101 ], [ -0.393265643999939, 39.372083728000099 ], [ -0.393149668999968, 39.372081128 ], [ -0.393146319999971, 39.372171142000099 ], [ -0.392566446999979, 39.372158142 ], [ -0.392569796999965, 39.372068128000102 ], [ -0.392337847999954, 39.372062927000101 ], [ -0.392341198999929, 39.371972912 ], [ -0.391993275999937, 39.371965110000097 ], [ -0.391996626999969, 39.371875096000103 ], [ -0.391884318999928, 39.371872577 ], [ -0.391532730999927, 39.371864691 ], [ -0.391529379999952, 39.3719547050001 ], [ -0.390833534999956, 39.371939095000101 ], [ -0.390836886999978, 39.3718490810001 ], [ -0.390720913999928, 39.371846479000098 ], [ -0.390717560999974, 39.371936493000099 ], [ -0.390485612999953, 39.371931288 ], [ -0.390482259999942, 39.3720213020001 ], [ -0.39036628599996, 39.372018700000098 ], [ -0.390362932999949, 39.372108714 ], [ -0.390246957999977, 39.3721061110001 ], [ -0.390244109999969, 39.372182560000098 ], [ -0.390240251999955, 39.372286139 ], [ -0.390124276999927, 39.372283537 ], [ -0.390117569999973, 39.372463565 ], [ -0.390005325999937, 39.372461046000097 ], [ -0.390001594999944, 39.372460962 ], [ -0.39, 39.372503784414846 ], [ -0.39, 39.363271805218389 ], [ -0.390111670999943, 39.363274311000097 ] ], [ [ -0.392589898999972, 39.371528042000101 ], [ -0.392705871999965, 39.371530642 ], [ -0.392712571999937, 39.371350613000097 ], [ -0.392596598999944, 39.371348013 ], [ -0.39259994899993, 39.3712579990001 ], [ -0.392252029999952, 39.371250197000101 ], [ -0.392245328999934, 39.371430226 ], [ -0.392361301999927, 39.371432827 ], [ -0.392357951999941, 39.3715228410001 ], [ -0.392473924999933, 39.371525441000102 ], [ -0.392470574999948, 39.371615456 ], [ -0.39258654799994, 39.371618056 ], [ -0.392589898999972, 39.371528042000101 ] ], [ [ -0.392606649999948, 39.37107797 ], [ -0.392603299999962, 39.371167985000099 ], [ -0.392951217999951, 39.371175785 ], [ -0.39297466599993, 39.370545685 ], [ -0.393090637999933, 39.370548284000101 ], [ -0.393097336999972, 39.370368256000098 ], [ -0.392981364999969, 39.370365656 ], [ -0.392984714999955, 39.370275642 ], [ -0.392520828999977, 39.370265241 ], [ -0.392514128999949, 39.370445270000097 ], [ -0.392630099999963, 39.370447870000099 ], [ -0.392626749999977, 39.370537884 ], [ -0.392510777999973, 39.370535284 ], [ -0.392490676999955, 39.37107537 ], [ -0.392606649999948, 39.37107797 ] ] ], [ [ [ -0.390114216999962, 39.372553579000098 ], [ -0.390110862999961, 39.372643593000099 ], [ -0.390226837999933, 39.372646196000098 ], [ -0.390223990999971, 39.372722626 ], [ -0.390223484999979, 39.37273621 ], [ -0.390227206999953, 39.372736294 ], [ -0.390455434999978, 39.3727414150001 ], [ -0.390452081999968, 39.372831429 ], [ -0.390915983999946, 39.372841839 ], [ -0.390913137999974, 39.372918263 ], [ -0.390912631999925, 39.372931853000097 ], [ -0.390916329999925, 39.372931936 ], [ -0.391260558999932, 39.372939658000099 ], [ -0.391257206999967, 39.373029673000097 ], [ -0.391373182999928, 39.373032274 ], [ -0.391369830999963, 39.373122288 ], [ -0.391601782999942, 39.373127491 ], [ -0.391598430999977, 39.373217506000103 ], [ -0.391830383999945, 39.3732227080001 ], [ -0.391827031999981, 39.373312722 ], [ -0.392058984999949, 39.373317925 ], [ -0.392055633999973, 39.373407939000103 ], [ -0.392287586999942, 39.37341314 ], [ -0.392284236999956, 39.373503155 ], [ -0.392516189999981, 39.373508356000102 ], [ -0.392503981999937, 39.373836320000102 ], [ -0.392499436999969, 39.373958427 ], [ -0.392383459999962, 39.373955827 ], [ -0.392370055999947, 39.374315884000097 ], [ -0.392254077999951, 39.374313283 ], [ -0.392250726999976, 39.3744032970001 ], [ -0.391902792999929, 39.374395494000098 ], [ -0.391906143999961, 39.37430548 ], [ -0.391442231999974, 39.374295074 ], [ -0.391445583999939, 39.374205060000101 ], [ -0.391097649999949, 39.374197255000098 ], [ -0.391077534999965, 39.37473734 ], [ -0.390961556999969, 39.374734738 ], [ -0.390948145999971, 39.375094794000098 ], [ -0.391296083999976, 39.3751026 ], [ -0.391292730999965, 39.375192614000099 ], [ -0.391640669999958, 39.375200419000102 ], [ -0.391637317999937, 39.375290433 ], [ -0.391869276999955, 39.375295636 ], [ -0.391859221999937, 39.375565679 ], [ -0.391743241999961, 39.375563077 ], [ -0.391716426999949, 39.376283191 ], [ -0.391600445999927, 39.376280589 ], [ -0.391593741999941, 39.376460617000099 ], [ -0.391709723999952, 39.376463219000101 ], [ -0.391703019999966, 39.376643247000104 ], [ -0.391819001999977, 39.376645849000099 ], [ -0.391812297999934, 39.376825877 ], [ -0.391928279999945, 39.376828478 ], [ -0.391921576999948, 39.377008507 ], [ -0.392037558999959, 39.377011108 ], [ -0.392030855999963, 39.3771911360001 ], [ -0.392146838999963, 39.377193737 ], [ -0.392143486999942, 39.377283751 ], [ -0.392259469999942, 39.377286353 ], [ -0.392256118999967, 39.377376367000103 ], [ -0.392372101999968, 39.377378968000102 ], [ -0.392368750999935, 39.377468982 ], [ -0.392484733999936, 39.377471583 ], [ -0.392481382999961, 39.377561597000103 ], [ -0.392597366999951, 39.377564197 ], [ -0.392587313999968, 39.37783424 ], [ -0.392703297999958, 39.377836841 ], [ -0.392699946999926, 39.377926855000098 ], [ -0.393163883999932, 39.377937256000102 ], [ -0.393160532999957, 39.378027270000103 ], [ -0.393392501999926, 39.3780324700001 ], [ -0.393399201999955, 39.377852442000098 ], [ -0.393283217999965, 39.377849842 ], [ -0.393296617999965, 39.377489785000101 ], [ -0.393412601999955, 39.377492385 ], [ -0.393419300999938, 39.377312356000097 ], [ -0.393535284999928, 39.377314956000099 ], [ -0.393541983999967, 39.377134928 ], [ -0.393657966999967, 39.377137527000102 ], [ -0.393661315999964, 39.377047513 ], [ -0.393777298999964, 39.377050112000099 ], [ -0.393773949999968, 39.377140127000096 ], [ -0.393889932999969, 39.377142726 ], [ -0.393883233999929, 39.377322755000101 ], [ -0.393999217999976, 39.377325354 ], [ -0.393995867999934, 39.377415368000101 ], [ -0.393879884999933, 39.377412769 ], [ -0.393866487999958, 39.377772826000097 ], [ -0.393750503999968, 39.377770227 ], [ -0.393743804999929, 39.377950255 ], [ -0.393511835999959, 39.377945056 ], [ -0.393508486999963, 39.378035070000102 ], [ -0.393624470999953, 39.37803767 ], [ -0.393621120999967, 39.378127684 ], [ -0.393737105999946, 39.3781302840001 ], [ -0.393727056999978, 39.378400327000101 ], [ -0.392451222999966, 39.378371724 ], [ -0.392454573999942, 39.378281710000103 ], [ -0.392222604999972, 39.378276508000098 ], [ -0.392225955999947, 39.378186494 ], [ -0.391993986999978, 39.3781812920001 ], [ -0.391997338999943, 39.378091278000099 ], [ -0.391765369999973, 39.378086075000098 ], [ -0.391768721999938, 39.377996061 ], [ -0.391652737999948, 39.377993459 ], [ -0.391632624999943, 39.378533544 ], [ -0.391516639999963, 39.378530942000097 ], [ -0.391513286999952, 39.378620956000098 ], [ -0.391397301999973, 39.3786183550001 ], [ -0.391393949999951, 39.378708369 ], [ -0.391161978999946, 39.378703165 ], [ -0.391158625999935, 39.378793179000098 ], [ -0.391042640999956, 39.378790577000103 ], [ -0.391039287999945, 39.378880591 ], [ -0.390923301999976, 39.378877988000099 ], [ -0.390913241999954, 39.379148030000103 ], [ -0.391029227999979, 39.379150633000101 ], [ -0.391022521999957, 39.379330661 ], [ -0.390906535999932, 39.379328059 ], [ -0.390903181999931, 39.379418073000103 ], [ -0.390787195999962, 39.37941547 ], [ -0.390783841999962, 39.379505484 ], [ -0.390667855999936, 39.379502882000097 ], [ -0.390664501999936, 39.379592896000098 ], [ -0.390548514999978, 39.379590293 ], [ -0.390541807999966, 39.379770321000102 ], [ -0.390309833999936, 39.379765115000097 ], [ -0.390316541999937, 39.379585087000102 ], [ -0.390084568999953, 39.379579881 ], [ -0.390087922999953, 39.379489867000103 ], [ -0.39, 39.379487893042032 ], [ -0.39, 39.379307714295706 ], [ -0.390326603999938, 39.379315045000098 ], [ -0.390329957999938, 39.379225031 ], [ -0.390445943999964, 39.379227634000102 ], [ -0.390456005999965, 39.378957592000098 ], [ -0.39068797699997, 39.378962797 ], [ -0.390698037999925, 39.378692755 ], [ -0.390582052999946, 39.378690153 ], [ -0.390585405999957, 39.378600139000099 ], [ -0.390353435999941, 39.378594933 ], [ -0.390363497999942, 39.378324891 ], [ -0.390247513999952, 39.378322288 ], [ -0.390254221999953, 39.378142260000097 ], [ -0.390370205999943, 39.378144863 ], [ -0.390376913999944, 39.3779648350001 ], [ -0.390608881999924, 39.37797004 ], [ -0.390612234999935, 39.377880026000099 ], [ -0.390728218999925, 39.377882629000098 ], [ -0.390731571999936, 39.377792615 ], [ -0.390847555999926, 39.377795217 ], [ -0.390850908999937, 39.377705203000097 ], [ -0.391546810999955, 39.377720815 ], [ -0.391550162999977, 39.377630801000102 ], [ -0.391086228999939, 39.377620393 ], [ -0.39108958199995, 39.377530379000099 ], [ -0.390857615999948, 39.377525175000102 ], [ -0.390877733999957, 39.376985090000098 ], [ -0.39041380499998, 39.37697468 ], [ -0.39041045099998, 39.377064694000097 ], [ -0.390294468999969, 39.377062091 ], [ -0.390287760999968, 39.377242119000101 ], [ -0.390171777999967, 39.377239516 ], [ -0.390151653999965, 39.377779601 ], [ -0.390035669999975, 39.377776997000097 ], [ -0.390039024999965, 39.377686983 ], [ -0.39, 39.377686107167889 ], [ -0.39, 39.377325749809842 ], [ -0.390052440999966, 39.377326927000098 ], [ -0.390082627999959, 39.376516801 ], [ -0.39019860999997, 39.376519404000099 ], [ -0.390201963999971, 39.376429390000098 ], [ -0.390317944999936, 39.376431993 ], [ -0.390321298999936, 39.376341979000102 ], [ -0.390901205999967, 39.376354992000103 ], [ -0.390897852999956, 39.376445006 ], [ -0.391129815999932, 39.37645021 ], [ -0.391139873999975, 39.376180168000097 ], [ -0.390907910999942, 39.376174963 ], [ -0.390904558999978, 39.376264978000101 ], [ -0.390672595999945, 39.3762597730001 ], [ -0.390675948999956, 39.376169759 ], [ -0.390443986999969, 39.376164554000098 ], [ -0.39044734099997, 39.376074539000101 ], [ -0.390331359999948, 39.376071937000098 ], [ -0.390334713999948, 39.375981923 ], [ -0.390218732999926, 39.375979320000098 ], [ -0.390228793999938, 39.375709278 ], [ -0.39034477499996, 39.37571188 ], [ -0.390354834999926, 39.375441838 ], [ -0.39023885499995, 39.375439235 ], [ -0.39024220899995, 39.3753492210001 ], [ -0.39, 39.375343784952925 ], [ -0.39, 39.372551015457518 ], [ -0.390114216999962, 39.372553579000098 ] ] ], [ [ [ -0.39070195499994, 39.384818913000103 ], [ -0.390705308999941, 39.384728899 ], [ -0.390937299999962, 39.384734105000099 ], [ -0.390940653999962, 39.384644091 ], [ -0.39105664899995, 39.384646693 ], [ -0.391053294999949, 39.384736707000101 ], [ -0.391401280999958, 39.384744514 ], [ -0.391394573999946, 39.3849245420001 ], [ -0.39151056999998, 39.384927145000098 ], [ -0.391507216999969, 39.385017159 ], [ -0.391391220999935, 39.385014556 ], [ -0.391384513999981, 39.385194584 ], [ -0.39115252199997, 39.38518938 ], [ -0.39114916799997, 39.385279394000101 ], [ -0.390917175999959, 39.385274188 ], [ -0.390913821999959, 39.385364202000098 ], [ -0.390797825999925, 39.385361600000103 ], [ -0.390794471999925, 39.385451613 ], [ -0.390098492999925, 39.385435994 ], [ -0.390101848999961, 39.385345980000103 ], [ -0.39, 39.385343694484462 ], [ -0.39, 39.384803158457508 ], [ -0.39070195499994, 39.384818913000103 ] ] ] ] } },
{ "type": "Feature", "properties": { "ObjectId": 400, "Shape__Area": 10057.877288818359, "Shape__Length": 827.58967058023609, "area": 0.599734, "det_method": "Semi-automatic extraction", "dmg_src_id": 3, "event_type": "5-Flood", "notation": "Flooded area", "obj_desc": "Flash flood", "reference": "exact_time", "label": "Operational-product agreement" }, "geometry": { "type": "Polygon", "coordinates": [ [ [ -0.390140117999977, 39.403004303 ], [ -0.39, 39.403001157474165 ], [ -0.39, 39.40273089092554 ], [ -0.390034164999975, 39.4027316580001 ], [ -0.39003080699996, 39.402821671 ], [ -0.390494907999937, 39.4028320890001 ], [ -0.390491550999968, 39.402922102 ], [ -0.391187703999947, 39.4029377250001 ], [ -0.391184347999967, 39.403027739 ], [ -0.391300372999979, 39.4030303420001 ], [ -0.391303728999958, 39.402940328000099 ], [ -0.39153577999997, 39.4029455350001 ], [ -0.39153242499998, 39.403035549 ], [ -0.39257665599996, 39.403058972000103 ], [ -0.392569947999959, 39.403238999000102 ], [ -0.390945583999951, 39.4032025590001 ], [ -0.390948940999976, 39.403112545000099 ], [ -0.390136760999951, 39.403094317000097 ], [ -0.390140117999977, 39.403004303 ] ] ] } },
{ "type": "Feature", "properties": { "ObjectId": 396, "Shape__Area": 4359.0634765625, "Shape__Length": 336.70590941828607, "area": 0.25989, "det_method": "Semi-automatic extraction", "dmg_src_id": 3, "event_type": "5-Flood", "notation": "Flooded area", "obj_desc": "Flash flood", "reference": "exact_time", "label": "Operational-product agreement" }, "geometry": { "type": "Polygon", "coordinates": [ [ [ -0.410056149999946, 39.407683856000098 ], [ -0.409940114999927, 39.407681271000101 ], [ -0.409953443999939, 39.407321212000099 ], [ -0.410185511999941, 39.407326381000097 ], [ -0.410188843999947, 39.407236366000099 ], [ -0.410304877999977, 39.407238951000103 ], [ -0.410308209999926, 39.407148936000098 ], [ -0.410424243999955, 39.407151520000099 ], [ -0.410420912999939, 39.407241535 ], [ -0.410536946999969, 39.40724412 ], [ -0.410533615999952, 39.407334135 ], [ -0.410417580999933, 39.40733155 ], [ -0.410414249999974, 39.407421565 ], [ -0.410530283999947, 39.407424150000097 ], [ -0.410520289999965, 39.407694195 ], [ -0.410404254999946, 39.40769161 ], [ -0.410400922999941, 39.407781626 ], [ -0.41005281799994, 39.407773871000103 ], [ -0.410056149999946, 39.407683856000098 ] ] ] } },
{ "type": "Feature", "properties": { "ObjectId": 391, "Shape__Area": 4694.8469085693359, "Shape__Length": 569.54383765307102, "area": 0.27988, "det_method": "Semi-automatic extraction", "dmg_src_id": 3, "event_type": "5-Flood", "notation": "Flooded area", "obj_desc": "Flash flood", "reference": "exact_time", "label": "Operational-product agreement" }, "geometry": { "type": "Polygon", "coordinates": [ [ [ -0.402857749999953, 39.410766484000099 ], [ -0.403089828999953, 39.410771668000102 ], [ -0.403086487999929, 39.410861682000103 ], [ -0.403202527999952, 39.410864274000097 ], [ -0.403199185999938, 39.410954289000102 ], [ -0.403431265999927, 39.410959472000101 ], [ -0.40342792499996, 39.411049487000099 ], [ -0.403660004999949, 39.411054670000098 ], [ -0.403656663999925, 39.411144684000099 ], [ -0.403772703999948, 39.411147276000101 ], [ -0.40376936399997, 39.41123729 ], [ -0.404001444999949, 39.411242473000101 ], [ -0.403998103999925, 39.411332487 ], [ -0.404114144999937, 39.411335078 ], [ -0.404110804999959, 39.411425093 ], [ -0.404226844999926, 39.411427684 ], [ -0.404223504999948, 39.411517698000097 ], [ -0.40433954599996, 39.411520289000102 ], [ -0.404336205999925, 39.411610304000099 ], [ -0.404104123999957, 39.411605122 ], [ -0.404107463999935, 39.411515107000099 ], [ -0.403759341999944, 39.411507334000099 ], [ -0.403762682999968, 39.411417319000101 ], [ -0.403646641999956, 39.411414728000103 ], [ -0.40364998299998, 39.411324713000099 ], [ -0.403533941999967, 39.411322122000101 ], [ -0.403537282999935, 39.411232107 ], [ -0.403421242999968, 39.411229516 ], [ -0.403424583999936, 39.411139501 ], [ -0.403192503999946, 39.411134318000101 ], [ -0.403195844999971, 39.411044303 ], [ -0.403079804999948, 39.411041711000102 ], [ -0.403083146999961, 39.410951697 ], [ -0.402967106999938, 39.410949105 ], [ -0.402970447999962, 39.41085909 ], [ -0.402854408999929, 39.410856498 ], [ -0.402857749999953, 39.410766484000099 ] ] ] } },
{ "type": "Feature", "properties": { "ObjectId": 358, "Shape__Area": 19123.904357910156, "Shape__Length": 880.6324151689978, "area": 1.139497, "det_method": "Semi-automatic extraction", "dmg_src_id": 3, "event_type": "5-Flood", "notation": "Flooded area", "obj_desc": "Flash flood", "reference": "exact_time", "label": "Operational-product agreement" }, "geometry": { "type": "Polygon", "coordinates": [ [ [ -0.390350124999941, 39.428504158000102 ], [ -0.390466192999952, 39.428506764000097 ], [ -0.390476271999944, 39.428236724 ], [ -0.390592339999955, 39.4282393290001 ], [ -0.390599058999953, 39.428059303000097 ], [ -0.390715125999975, 39.428061908000103 ], [ -0.390718484999979, 39.427971895 ], [ -0.390602417999958, 39.4279692900001 ], [ -0.390609136999956, 39.427789263000101 ], [ -0.390725203999978, 39.427791868 ], [ -0.390721843999927, 39.427881882000101 ], [ -0.390837910999949, 39.427884487 ], [ -0.390834551999944, 39.427974500000097 ], [ -0.391066685999931, 39.42797971 ], [ -0.391059967999979, 39.428159737 ], [ -0.391292101999966, 39.428164947 ], [ -0.39129546099997, 39.428074933000097 ], [ -0.391411527999935, 39.428077538 ], [ -0.391408169999977, 39.428167551000101 ], [ -0.391988505999961, 39.428180573000098 ], [ -0.391985147999947, 39.428270586000103 ], [ -0.392101215999958, 39.42827319 ], [ -0.392097857999943, 39.428363204 ], [ -0.391981790999978, 39.428360600000097 ], [ -0.391978432999963, 39.428450613000102 ], [ -0.391862364999952, 39.4284480090001 ], [ -0.391859006999937, 39.428538022000097 ], [ -0.391626870999971, 39.4285328140001 ], [ -0.391620154999941, 39.428712840000102 ], [ -0.391736222999953, 39.428715445000101 ], [ -0.39172950699998, 39.428895471 ], [ -0.390568821999977, 39.428869422 ], [ -0.390562102999979, 39.429049449 ], [ -0.39067817199998, 39.429052054000103 ], [ -0.390674811999929, 39.429142068 ], [ -0.390442674999974, 39.429136857000103 ], [ -0.390446033999979, 39.429046843 ], [ -0.390329965999967, 39.429044238000102 ], [ -0.390350124999941, 39.428504158000102 ] ] ] } },
{ "type": "Feature", "properties": { "ObjectId": 343, "Shape__Area": 30034.566116333008, "Shape__Length": 1372.3883104170534, "area": 1.789246, "det_method": "Semi-automatic extraction", "dmg_src_id": 3, "event_type": "5-Flood", "notation": "Flooded area", "obj_desc": "Flash flood", "reference": "exact_time", "label": "Operational-product agreement" }, "geometry": { "type": "Polygon", "coordinates": [ [ [ -0.410637621999967, 39.43589468 ], [ -0.41028937599998, 39.435886922000101 ], [ -0.410299381999948, 39.435616878000097 ], [ -0.410415462999936, 39.435619464000098 ], [ -0.41042213299994, 39.435439435 ], [ -0.411350781999943, 39.435460119 ], [ -0.411347447999958, 39.435550134 ], [ -0.411695691999967, 39.435557889000101 ], [ -0.411699024999962, 39.435467874 ], [ -0.412279431999934, 39.435480796 ], [ -0.41228276399994, 39.435390782000098 ], [ -0.412514926999961, 39.43539595 ], [ -0.412511593999966, 39.435485965000098 ], [ -0.412627675999943, 39.435488548000102 ], [ -0.412634339999954, 39.435308519 ], [ -0.412866501999929, 39.435313686 ], [ -0.412869833999935, 39.435223672000099 ], [ -0.412985914999979, 39.435226255 ], [ -0.412992577999944, 39.435046226000097 ], [ -0.412876496999957, 39.435043642 ], [ -0.412879828999962, 39.434953627 ], [ -0.41299590899996, 39.434956211 ], [ -0.412999240999966, 39.434866196 ], [ -0.413115320999964, 39.434868779000098 ], [ -0.41311865299997, 39.434778765 ], [ -0.413234732999967, 39.434781348000101 ], [ -0.413238063999927, 39.434691333 ], [ -0.413354143999925, 39.4346939160001 ], [ -0.413350812999965, 39.434783931 ], [ -0.413466892999963, 39.434786514000102 ], [ -0.413463561999947, 39.4348765290001 ], [ -0.413579642999935, 39.434879112 ], [ -0.413569650999932, 39.435149156000101 ], [ -0.413453569999945, 39.435146573000097 ], [ -0.413450238999928, 39.435236588000102 ], [ -0.413914562999935, 39.4352469190001 ], [ -0.413907901999949, 39.435426949 ], [ -0.413443576999953, 39.435416618 ], [ -0.413433583999961, 39.435686662000101 ], [ -0.41320141999995, 39.435681496 ], [ -0.413198088999934, 39.435771510000102 ], [ -0.413082006999957, 39.435768927 ], [ -0.413078674999952, 39.435858942 ], [ -0.412614346999931, 39.435848607 ], [ -0.412617679999926, 39.435758593000102 ], [ -0.412501597999949, 39.435756009 ], [ -0.412498265999943, 39.435846023000103 ], [ -0.412382183999966, 39.435843439000102 ], [ -0.412378850999971, 39.4359334540001 ], [ -0.41191452299995, 39.435923117000101 ], [ -0.411911189999955, 39.436013131 ], [ -0.411562943999968, 39.4360053770001 ], [ -0.411566276999963, 39.435915363 ], [ -0.411450194999929, 39.435912778 ], [ -0.41144352799995, 39.436092807000101 ], [ -0.411327445999973, 39.436090222000097 ], [ -0.411330778999968, 39.436000207000099 ], [ -0.410634286999937, 39.435984694000098 ], [ -0.410637621999967, 39.43589468 ] ] ] } },
{ "type": "Feature", "properties": { "ObjectId": 339, "Shape__Area": 164274.58781433105, "Shape__Length": 2899.2507198138478, "area": 9.785683, "det_method": "Semi-automatic extraction", "dmg_src_id": 3, "event_type": "5-Flood", "notation": "Flooded area", "obj_desc": "Flash flood", "reference": "exact_time", "label": "Operational-product agreement" }, "geometry": { "type": "Polygon", "coordinates": [ [ [ -0.392988564999939, 39.438743378 ], [ -0.392991921999965, 39.4386533650001 ], [ -0.392643667999948, 39.4386455530001 ], [ -0.392647025999963, 39.43855554 ], [ -0.392298771999947, 39.438547728000103 ], [ -0.392302130999951, 39.438457715 ], [ -0.391837792999979, 39.438447297 ], [ -0.391841152999973, 39.438357283000101 ], [ -0.391492899999946, 39.438349469000102 ], [ -0.39149625999994, 39.438259456 ], [ -0.390915839999934, 39.438246429000102 ], [ -0.390919199999928, 39.438156416 ], [ -0.390570948999937, 39.438148598000097 ], [ -0.390574309999977, 39.4380585850001 ], [ -0.390113620999955, 39.438048242 ], [ -0.39, 39.438045691128885 ], [ -0.39, 39.436874539790388 ], [ -0.390037589999963, 39.436875384000103 ], [ -0.39003422899998, 39.436965397000101 ], [ -0.391078964999963, 39.43698885 ], [ -0.391075604999969, 39.437078863000103 ], [ -0.391539932999933, 39.437089284000102 ], [ -0.391536573999929, 39.4371792970001 ], [ -0.392116984999973, 39.437192321000097 ], [ -0.392113625999968, 39.437282334 ], [ -0.39223328199995, 39.437285018000097 ], [ -0.392345790999968, 39.437287542 ], [ -0.392342432999953, 39.437377556000101 ], [ -0.392462080999962, 39.43738024 ], [ -0.392806762999953, 39.437387971000099 ], [ -0.392803405999928, 39.437477985 ], [ -0.393035570999928, 39.437483192000101 ], [ -0.393032213999959, 39.437573205 ], [ -0.393496545999938, 39.437583618000097 ], [ -0.393493188999969, 39.437673632 ], [ -0.393841438999971, 39.437681440000098 ], [ -0.393838081999945, 39.437771454 ], [ -0.394186332999936, 39.437779261000102 ], [ -0.394182975999968, 39.437869275 ], [ -0.394415143999936, 39.437874479000101 ], [ -0.394411787999957, 39.437964493 ], [ -0.394760038999948, 39.437972298 ], [ -0.394756683999958, 39.438062312000099 ], [ -0.394988851999926, 39.4380675150001 ], [ -0.394985496999936, 39.438157529000101 ], [ -0.395217664999961, 39.438162732000102 ], [ -0.395214310999961, 39.438252745000099 ], [ -0.395330394999974, 39.438255346000098 ], [ -0.395327039999927, 39.43834536 ], [ -0.395559208999941, 39.438350562 ], [ -0.395555854999941, 39.438440576000097 ], [ -0.395904108999957, 39.438448378 ], [ -0.395897400999957, 39.438628405 ], [ -0.396013485999958, 39.438631006 ], [ -0.396010131999958, 39.438721019000099 ], [ -0.395894046999956, 39.438718419000097 ], [ -0.395890692999956, 39.438808432 ], [ -0.395774607999954, 39.438805831 ], [ -0.395764544999963, 39.439075872 ], [ -0.395648459999961, 39.439073271 ], [ -0.395645104999971, 39.439163284000102 ], [ -0.39552901899998, 39.439160683000097 ], [ -0.395522309999933, 39.439340710000103 ], [ -0.395406223999942, 39.439338109000097 ], [ -0.395402868999952, 39.439428123 ], [ -0.39493852399994, 39.439417717 ], [ -0.394941879999976, 39.439327703000103 ], [ -0.394709706999947, 39.439322500000102 ], [ -0.394713062999926, 39.439232486 ], [ -0.394364804999952, 39.439224680000102 ], [ -0.394368160999932, 39.439134667000097 ], [ -0.394135989999938, 39.439129462 ], [ -0.394139345999974, 39.439039448000102 ], [ -0.393907174999924, 39.439034243 ], [ -0.39391053199995, 39.438944230000097 ], [ -0.393562275999955, 39.438936421000101 ], [ -0.39356563299998, 39.438846408000103 ], [ -0.393449546999932, 39.438843805 ], [ -0.393452904999947, 39.438753792000099 ], [ -0.393336819999945, 39.438751188 ], [ -0.39333346199993, 39.438841202 ], [ -0.393217376999928, 39.438838598000103 ], [ -0.393220734999943, 39.438748585 ], [ -0.393108190999953, 39.438746061000103 ], [ -0.392988564999939, 39.438743378 ] ] ] } },
{ "type": "Feature", "properties": { "ObjectId": 840, "Shape__Area": 15303.603561401367, "Shape__Length": 1005.1245648761096, "area": 0.911604, "det_method": "Semi-automatic extraction", "dmg_src_id": 3, "event_type": "5-Flood", "notation": "Flooded area", "obj_desc": "Flash flood", "reference": "exact_time", "label": "Operational-product agreement" }, "geometry": { "type": "Polygon", "coordinates": [ [ [ -0.39217341799997, 39.438889393000103 ], [ -0.391941255999939, 39.438884185000099 ], [ -0.391947973999947, 39.4387041640001 ], [ -0.39148365099993, 39.438693745000101 ], [ -0.391490369999929, 39.438513725000099 ], [ -0.390793887999962, 39.438498093000099 ], [ -0.390787166999928, 39.438678113 ], [ -0.390555005999943, 39.438672901000103 ], [ -0.390561726999977, 39.438492881000101 ], [ -0.390329565999934, 39.438487669 ], [ -0.390330852999966, 39.438453203000101 ], [ -0.390336287999958, 39.438307649000102 ], [ -0.390104127999962, 39.438302437000097 ], [ -0.390113620999955, 39.438048242 ], [ -0.390574309999977, 39.4380585850001 ], [ -0.390570948999937, 39.438148598000097 ], [ -0.390919199999928, 39.438156416 ], [ -0.390915839999934, 39.438246429000102 ], [ -0.39149625999994, 39.438259456 ], [ -0.391492899999946, 39.438349469000102 ], [ -0.391841152999973, 39.438357283000101 ], [ -0.391837792999979, 39.438447297 ], [ -0.392302130999951, 39.438457715 ], [ -0.392298771999947, 39.438547728000103 ], [ -0.392647025999963, 39.43855554 ], [ -0.392643667999948, 39.4386455530001 ], [ -0.392991921999965, 39.4386533650001 ], [ -0.392988564999939, 39.438743378 ], [ -0.393108190999953, 39.438746061000103 ], [ -0.393102067999962, 39.438910224 ], [ -0.392405580999935, 39.438894602000097 ], [ -0.392412296999964, 39.438714582 ], [ -0.392180135999979, 39.438709373000101 ], [ -0.392175502999976, 39.438833513000098 ], [ -0.39217341799997, 39.438889393000103 ] ] ] } },
{ "type": "Feature", "properties": { "ObjectId": 838, "Shape__Area": 17871.025817871094, "Shape__Length": 978.74674538165004, "area": 1.064474, "det_method": "Semi-automatic extraction", "dmg_src_id": 3, "event_type": "5-Flood", "notation": "Flooded area", "obj_desc": "Flash flood", "reference": "exact_time", "label": "Operational-product agreement" }, "geometry": { "type": "Polygon", "coordinates": [ [ [ -0.397432717999948, 39.4411693220001 ], [ -0.397439421999934, 39.440989301000101 ], [ -0.396975081999926, 39.440978903 ], [ -0.396981786999959, 39.440798883000099 ], [ -0.396749617999944, 39.440793683 ], [ -0.396755564999978, 39.440634024000097 ], [ -0.396763029999931, 39.440433641 ], [ -0.396530860999974, 39.440428441000101 ], [ -0.396537567999928, 39.440248421 ], [ -0.39630539999996, 39.440243220000099 ], [ -0.396312106999972, 39.440063200000097 ], [ -0.396079940999925, 39.440057999 ], [ -0.396089409999945, 39.439803859000101 ], [ -0.396202058999961, 39.439806382 ], [ -0.39619870599995, 39.439896396000101 ], [ -0.396314792999931, 39.439898996000103 ], [ -0.39631143899993, 39.43998901 ], [ -0.396543613999938, 39.439994210000101 ], [ -0.396540260999927, 39.440084224 ], [ -0.396772435999935, 39.440089424000099 ], [ -0.396769082999924, 39.440179437 ], [ -0.397001257999932, 39.440184637000101 ], [ -0.396997904999978, 39.44027465 ], [ -0.397230080999975, 39.44027985 ], [ -0.397226728999954, 39.4403698630001 ], [ -0.397342816999981, 39.440372463000102 ], [ -0.39733946399997, 39.4404624760001 ], [ -0.397571640999956, 39.440467675 ], [ -0.397568288999935, 39.440557688000098 ], [ -0.397684376999962, 39.440560287 ], [ -0.39768102499994, 39.440650301000097 ], [ -0.397913201999927, 39.440655499000101 ], [ -0.397909850999952, 39.440745512 ], [ -0.398142027999938, 39.44075071 ], [ -0.398138676999963, 39.4408407230001 ], [ -0.39825476599998, 39.440843322 ], [ -0.398251414999947, 39.440933335000103 ], [ -0.398367503999964, 39.440935934 ], [ -0.398364152999932, 39.441025948000103 ], [ -0.398596330999965, 39.4410311440001 ], [ -0.398592979999933, 39.441121158 ], [ -0.398709069999938, 39.441123756 ], [ -0.398706311999945, 39.441197831000103 ], [ -0.397766126999954, 39.441176785 ], [ -0.397432717999948, 39.4411693220001 ] ] ] } },
{ "type": "Feature", "properties": { "ObjectId": 336, "Shape__Area": 191816.6089630127, "Shape__Length": 3704.3145103094157, "area": 11.42506, "det_method": "Semi-automatic extraction", "dmg_src_id": 3, "event_type": "5-Flood", "notation": "Flooded area", "obj_desc": "Flash flood", "reference": "exact_time", "label": "Operational-product agreement" }, "geometry": { "type": "Polygon", "coordinates": [ [ [ -0.400068654999927, 39.442055061000097 ], [ -0.400072003999981, 39.441965048 ], [ -0.399955912999928, 39.441962451000101 ], [ -0.399959261999925, 39.441872437 ], [ -0.399843170999929, 39.44186984 ], [ -0.399846519999926, 39.441779826000101 ], [ -0.399614338999925, 39.441774632 ], [ -0.399617688999967, 39.4416846190001 ], [ -0.399501597999972, 39.441682021000098 ], [ -0.399504947999958, 39.441592008 ], [ -0.399388857999952, 39.441589410000098 ], [ -0.399392206999948, 39.441499397 ], [ -0.399160026999937, 39.441494202000101 ], [ -0.399163376999979, 39.441404188 ], [ -0.399047286999973, 39.441401590000098 ], [ -0.399050637999949, 39.4413115770001 ], [ -0.398821798999961, 39.441306456000099 ], [ -0.398818457999937, 39.441306381000103 ], [ -0.398821808999969, 39.441216367 ], [ -0.398705718999963, 39.4412137690001 ], [ -0.398706311999945, 39.441197831000103 ], [ -0.398709069999938, 39.441123756 ], [ -0.398592979999933, 39.441121158 ], [ -0.398596330999965, 39.4410311440001 ], [ -0.398364152999932, 39.441025948000103 ], [ -0.398367503999964, 39.440935934 ], [ -0.398251414999947, 39.440933335000103 ], [ -0.39825476599998, 39.440843322 ], [ -0.398138676999963, 39.4408407230001 ], [ -0.398142027999938, 39.44075071 ], [ -0.397909850999952, 39.440745512 ], [ -0.397913201999927, 39.440655499000101 ], [ -0.39768102499994, 39.440650301000097 ], [ -0.397684376999962, 39.440560287 ], [ -0.397568288999935, 39.440557688000098 ], [ -0.397571640999956, 39.440467675 ], [ -0.39733946399997, 39.4404624760001 ], [ -0.397342816999981, 39.440372463000102 ], [ -0.397226728999954, 39.4403698630001 ], [ -0.397230080999975, 39.44027985 ], [ -0.396997904999978, 39.44027465 ], [ -0.397001257999932, 39.440184637000101 ], [ -0.396769082999924, 39.440179437 ], [ -0.396772435999935, 39.440089424000099 ], [ -0.396540260999927, 39.440084224 ], [ -0.396543613999938, 39.439994210000101 ], [ -0.39631143899993, 39.43998901 ], [ -0.396314792999931, 39.439898996000103 ], [ -0.39619870599995, 39.439896396000101 ], [ -0.396202058999961, 39.439806382 ], [ -0.396089409999945, 39.439803859000101 ], [ -0.395969884999943, 39.439801181000099 ], [ -0.395979946999944, 39.439531141 ], [ -0.396096033999925, 39.439533741 ], [ -0.396102740999936, 39.439353714 ], [ -0.396218827999974, 39.439356315000097 ], [ -0.396225534999928, 39.439176288000098 ], [ -0.396341620999976, 39.4391788880001 ], [ -0.396348327999931, 39.438998861000101 ], [ -0.396464412999933, 39.439001461 ], [ -0.396471119999944, 39.438821434 ], [ -0.396703290999938, 39.438826634000101 ], [ -0.396699937999927, 39.438916648 ], [ -0.396932108999977, 39.438921847000103 ], [ -0.396928755999966, 39.439011861 ], [ -0.397044841999957, 39.439014461000099 ], [ -0.397041489999935, 39.439104474 ], [ -0.397157575999927, 39.439107074 ], [ -0.397154222999973, 39.439197087 ], [ -0.397386394999955, 39.439202286000103 ], [ -0.397383042999934, 39.4392923 ], [ -0.397615215999963, 39.439297498 ], [ -0.397611863999941, 39.439387511000099 ], [ -0.39784403699997, 39.439392709000103 ], [ -0.397840684999949, 39.439482723 ], [ -0.398072858999967, 39.43948792 ], [ -0.398069506999946, 39.439577934000098 ], [ -0.398301680999964, 39.439583131000099 ], [ -0.398298329999932, 39.439673145 ], [ -0.398414416999969, 39.439675743000102 ], [ -0.398411065999937, 39.439765757 ], [ -0.398643239999956, 39.439770953 ], [ -0.39863988999997, 39.439860966 ], [ -0.398755976999951, 39.439863564000099 ], [ -0.398752626999965, 39.439953578 ], [ -0.398984801999973, 39.439958774 ], [ -0.39898145199993, 39.440048787000102 ], [ -0.399445801999946, 39.440059177000101 ], [ -0.399442452999949, 39.440149191 ], [ -0.399558540999976, 39.440151788 ], [ -0.399555190999934, 39.440241802000102 ], [ -0.399671278999961, 39.4402443990001 ], [ -0.399667929999964, 39.440334413000102 ], [ -0.399900106999951, 39.440339607000098 ], [ -0.399896757999954, 39.44042962 ], [ -0.400128933999952, 39.440434814000099 ], [ -0.400126177999937, 39.440508913 ], [ -0.400125585999945, 39.440524827 ], [ -0.400241673999972, 39.440527424 ], [ -0.400238325999965, 39.440617438000103 ], [ -0.400354413999935, 39.440620034000098 ], [ -0.400351065999928, 39.440710048 ], [ -0.400467154999944, 39.440712644 ], [ -0.400463805999948, 39.440802658000102 ], [ -0.400467091999928, 39.440802731000097 ], [ -0.40069598499997, 39.440807850000098 ], [ -0.400693228999955, 39.4408819390001 ], [ -0.400692636999963, 39.4408978640001 ], [ -0.400695913999925, 39.440897937 ], [ -0.40080872599998, 39.440900460000101 ], [ -0.400805377999973, 39.440990474 ], [ -0.401037556999938, 39.440995666 ], [ -0.40103480199997, 39.441069747 ], [ -0.401034208999931, 39.441085679 ], [ -0.401150298999937, 39.441088275 ], [ -0.40114695099993, 39.441178289 ], [ -0.401150211999948, 39.441178362000102 ], [ -0.401263040999936, 39.441180884000097 ], [ -0.401260286999957, 39.441254961 ], [ -0.401259693999975, 39.441270898 ], [ -0.401375782999935, 39.441273494 ], [ -0.401372435999974, 39.441363508000101 ], [ -0.401375688999963, 39.441363581000097 ], [ -0.40148852599998, 39.441366103000099 ], [ -0.401485771999944, 39.4414401720001 ], [ -0.401485178999962, 39.441456117 ], [ -0.401604514999974, 39.441458785000101 ], [ -0.401717359999964, 39.441461307000097 ], [ -0.401714012999946, 39.441551321000098 ], [ -0.401830102999952, 39.441553916 ], [ -0.401827349999962, 39.441627980000099 ], [ -0.401826756999981, 39.441643930000097 ], [ -0.401829993999968, 39.441644002 ], [ -0.40194284699993, 39.441646525000102 ], [ -0.401939500999958, 39.441736538 ], [ -0.402055590999964, 39.441739133000098 ], [ -0.402052244999936, 39.441829147000099 ], [ -0.402168335999932, 39.441831742 ], [ -0.40216498999996, 39.441921756000099 ], [ -0.402281080999956, 39.4419243500001 ], [ -0.402277734999927, 39.442014364 ], [ -0.40239382599998, 39.4420169590001 ], [ -0.402390479999951, 39.442106973000101 ], [ -0.402506570999947, 39.442109567 ], [ -0.402503224999975, 39.442199581000096 ], [ -0.40261931699996, 39.442202175 ], [ -0.402615970999932, 39.442292189000099 ], [ -0.402732062999974, 39.442294783000101 ], [ -0.402728716999945, 39.442384797 ], [ -0.40284480899993, 39.442387391000103 ], [ -0.402841463999948, 39.442477405 ], [ -0.402957555999933, 39.442479999000099 ], [ -0.402954209999962, 39.4425700130001 ], [ -0.403070302999936, 39.442572607 ], [ -0.403066956999965, 39.442662621000103 ], [ -0.403183049999939, 39.442665214 ], [ -0.403179704999957, 39.442755228000102 ], [ -0.403295796999942, 39.442757822 ], [ -0.40329245199996, 39.442847836000098 ], [ -0.403408544999934, 39.442850429 ], [ -0.403405199999952, 39.442940443000097 ], [ -0.403521292999926, 39.442943037000099 ], [ -0.403517948999934, 39.443033051 ], [ -0.403634041999965, 39.443035644000098 ], [ -0.403630696999926, 39.443125658 ], [ -0.403746789999957, 39.443128251000097 ], [ -0.403743445999964, 39.443218265 ], [ -0.403859538999939, 39.443220858000103 ], [ -0.403856194999946, 39.443310872 ], [ -0.403972288999967, 39.443313465000102 ], [ -0.403968943999928, 39.443403479 ], [ -0.404085037999948, 39.443406072000101 ], [ -0.404078349999963, 39.443586100000097 ], [ -0.404194443999927, 39.443588693 ], [ -0.404191099999935, 39.443678707000103 ], [ -0.404307193999955, 39.443681299 ], [ -0.404303850999952, 39.443771313000099 ], [ -0.404419944999972, 39.443773906 ], [ -0.40441660099998, 39.443863920000098 ], [ -0.404532695999933, 39.443866512000099 ], [ -0.404526008999937, 39.44404654 ], [ -0.404642103999947, 39.4440491330001 ], [ -0.404638759999955, 39.444139147 ], [ -0.404754854999965, 39.444141739 ], [ -0.404751511999962, 39.444231753000103 ], [ -0.404867606999971, 39.444234345 ], [ -0.404857577999962, 39.444504387000102 ], [ -0.404741481999963, 39.4445017950001 ], [ -0.40473813899996, 39.444591809 ], [ -0.404505947999951, 39.444586624000102 ], [ -0.404502603999958, 39.444676638 ], [ -0.404386507999959, 39.444674046 ], [ -0.404389851999952, 39.444584032000101 ], [ -0.404157660999942, 39.444578847000102 ], [ -0.404161004999935, 39.444488833 ], [ -0.404044908999936, 39.444486240000103 ], [ -0.404041564999943, 39.444576254 ], [ -0.403809373999934, 39.444571068000101 ], [ -0.403812717999926, 39.4444810540001 ], [ -0.403696622999973, 39.444478461000102 ], [ -0.403693277999935, 39.444568475 ], [ -0.403112799999974, 39.444555507000103 ], [ -0.403119490999927, 39.444375479 ], [ -0.403003395999974, 39.444372885000099 ], [ -0.403006740999956, 39.444282871 ], [ -0.402890645999946, 39.444280277000097 ], [ -0.402893991999974, 39.444190263000102 ], [ -0.402777896999964, 39.444187669 ], [ -0.402781242999936, 39.4440976550001 ], [ -0.402665147999926, 39.444095061 ], [ -0.402668493999954, 39.444005047000097 ], [ -0.402552398999944, 39.444002453000103 ], [ -0.402559090999944, 39.4438224250001 ], [ -0.40244299699998, 39.443819831 ], [ -0.402446342999951, 39.443729817000097 ], [ -0.402214154999967, 39.443724628 ], [ -0.402217500999939, 39.443634614000104 ], [ -0.402101406999975, 39.443632019000098 ], [ -0.402104753999936, 39.443542005 ], [ -0.401988659999972, 39.443539411000103 ], [ -0.401992006999933, 39.443449397000101 ], [ -0.401875912999969, 39.443446802 ], [ -0.401882606999948, 39.443266774000101 ], [ -0.401766513999974, 39.443264179 ], [ -0.401769860999934, 39.443174165000102 ], [ -0.40165376799996, 39.443171570000104 ], [ -0.401657114999978, 39.443081556 ], [ -0.401541021999947, 39.443078961 ], [ -0.401544368999964, 39.442988947000103 ], [ -0.401428275999933, 39.442986352 ], [ -0.401431622999951, 39.442896338 ], [ -0.401315530999966, 39.442893743000099 ], [ -0.401318877999927, 39.442803729 ], [ -0.401202785999942, 39.442801133 ], [ -0.401206133999949, 39.442711119000101 ], [ -0.401090040999975, 39.442708524000103 ], [ -0.401093388999925, 39.44261851 ], [ -0.40097729699994, 39.442615914 ], [ -0.400980644999947, 39.442525900000099 ], [ -0.400864552999963, 39.442523304000098 ], [ -0.40086790099997, 39.442433291 ], [ -0.400635716999943, 39.442428099 ], [ -0.40063906599994, 39.442338085000102 ], [ -0.400522973999955, 39.442335489000101 ], [ -0.400526321999962, 39.442245475 ], [ -0.400410230999967, 39.442242878000101 ], [ -0.400413579999963, 39.442152865 ], [ -0.400297487999978, 39.442150268 ], [ -0.400300836999975, 39.442060254000097 ], [ -0.400188038999943, 39.442057731 ], [ -0.400068654999927, 39.442055061000097 ] ] ] } },
{ "type": "Feature", "properties": { "ObjectId": 839, "Shape__Area": 9841.0607604980469, "Shape__Length": 694.87117333705658, "area": 0.586154, "det_method": "Semi-automatic extraction", "dmg_src_id": 3, "event_type": "5-Flood", "notation": "Flooded area", "obj_desc": "Flash flood", "reference": "exact_time", "label": "Operational-product agreement" }, "geometry": { "type": "Polygon", "coordinates": [ [ [ -0.399495460999958, 39.441936174 ], [ -0.39926328699994, 39.441930979000098 ], [ -0.399269986999968, 39.4417509580001 ], [ -0.399037813999939, 39.441745763 ], [ -0.399044513999968, 39.441565742000101 ], [ -0.398812341999928, 39.441560547000101 ], [ -0.398821798999961, 39.441306456000099 ], [ -0.399050637999949, 39.4413115770001 ], [ -0.399047286999973, 39.441401590000098 ], [ -0.399163376999979, 39.441404188 ], [ -0.399160026999937, 39.441494202000101 ], [ -0.399392206999948, 39.441499397 ], [ -0.399388857999952, 39.441589410000098 ], [ -0.399504947999958, 39.441592008 ], [ -0.399501597999972, 39.441682021000098 ], [ -0.399617688999967, 39.4416846190001 ], [ -0.399614338999925, 39.441774632 ], [ -0.399846519999926, 39.441779826000101 ], [ -0.399843170999929, 39.44186984 ], [ -0.399959261999925, 39.441872437 ], [ -0.399955912999928, 39.441962451000101 ], [ -0.400072003999981, 39.441965048 ], [ -0.400068654999927, 39.442055061000097 ], [ -0.400188038999943, 39.442057731 ], [ -0.400172724999948, 39.442469343 ], [ -0.400171888999978, 39.442491819000097 ], [ -0.399475362999965, 39.442476238 ], [ -0.399482061999947, 39.442296216 ], [ -0.399714236999955, 39.442301411000102 ], [ -0.399720935999937, 39.4421213890001 ], [ -0.39948876099993, 39.442116195 ], [ -0.399489278999965, 39.442102272000099 ], [ -0.399495460999958, 39.441936174 ] ] ] } },
{ "type": "Feature", "properties": { "ObjectId": 332, "Shape__Area": 21817.2626953125, "Shape__Length": 1139.9150401739812, "area": 1.299445, "det_method": "Semi-automatic extraction", "dmg_src_id": 3, "event_type": "5-Flood", "notation": "Flooded area", "obj_desc": "Flash flood", "reference": "exact_time", "label": "Operational-product agreement" }, "geometry": { "type": "Polygon", "coordinates": [ [ [ -0.405597599999965, 39.443349754000103 ], [ -0.405481505999944, 39.443347163000098 ], [ -0.405484847999958, 39.443257149 ], [ -0.405252660999963, 39.443251966 ], [ -0.405256002999977, 39.443161952 ], [ -0.405139909999946, 39.44315936 ], [ -0.405143252999949, 39.443069346000101 ], [ -0.404911065999954, 39.443064162 ], [ -0.404914408999957, 39.442974148000097 ], [ -0.404798315999926, 39.442971556 ], [ -0.404811687999938, 39.442611500000098 ], [ -0.405392149999955, 39.442624459000101 ], [ -0.405388807999941, 39.442714473000102 ], [ -0.406201456999952, 39.4427326100001 ], [ -0.406208139999933, 39.442552582000097 ], [ -0.406324231999974, 39.442555172 ], [ -0.406327572999942, 39.442465158000097 ], [ -0.406791942999973, 39.442475519 ], [ -0.406788601999949, 39.442565533 ], [ -0.40690469499998, 39.4425681230001 ], [ -0.406908034999958, 39.442478109 ], [ -0.407256312999948, 39.442485878000099 ], [ -0.407249632999935, 39.442665907 ], [ -0.407365725999966, 39.442668496000103 ], [ -0.40735236699993, 39.443028553 ], [ -0.407236273999956, 39.4430259640001 ], [ -0.407226253999966, 39.4432960070001 ], [ -0.407342347999929, 39.443298596 ], [ -0.407339007999951, 39.443388610000099 ], [ -0.407106819999967, 39.443383431 ], [ -0.407110159999945, 39.443293417000099 ], [ -0.406994065999925, 39.443290827000098 ], [ -0.406997405999959, 39.443200813 ], [ -0.406881312999928, 39.443198223 ], [ -0.406891333999965, 39.44292818 ], [ -0.406775240999934, 39.442925590000101 ], [ -0.406778580999969, 39.442835576 ], [ -0.406430301999933, 39.442827805 ], [ -0.406433642999957, 39.442737791000098 ], [ -0.406317549999926, 39.442735201000097 ], [ -0.406307526999967, 39.443005243000101 ], [ -0.406191433999936, 39.4430026530001 ], [ -0.406188092999969, 39.443092667 ], [ -0.406071998999948, 39.443090076 ], [ -0.406068657999924, 39.443180090000098 ], [ -0.405952563999961, 39.4431774990001 ], [ -0.40594588099998, 39.443357528 ], [ -0.405829786999959, 39.443354937 ], [ -0.405823103999978, 39.443534965 ], [ -0.405590915999937, 39.443529782 ], [ -0.405597599999965, 39.443349754000103 ] ] ] } },
{ "type": "Feature", "properties": { "ObjectId": 329, "Shape__Area": 5539.6636352539062, "Shape__Length": 336.81542085174709, "area": 0.329863, "det_method": "Semi-automatic extraction", "dmg_src_id": 3, "event_type": "5-Flood", "notation": "Flooded area", "obj_desc": "Flash flood", "reference": "exact_time", "label": "Operational-product agreement" }, "geometry": { "type": "Polygon", "coordinates": [ [ [ -0.418768615999966, 39.4516608980001 ], [ -0.418652506999933, 39.451658319 ], [ -0.41866248599996, 39.451388275000099 ], [ -0.418778593999946, 39.451390853000099 ], [ -0.418781919999958, 39.451300838000101 ], [ -0.419014136999976, 39.451305995 ], [ -0.419010810999964, 39.451396010000103 ], [ -0.419359135999969, 39.4514037450001 ], [ -0.419355810999946, 39.451493760000098 ], [ -0.419471918999932, 39.451496337 ], [ -0.419461943999977, 39.451766382000102 ], [ -0.419345834999945, 39.451763804000102 ], [ -0.419342508999932, 39.4518538190001 ], [ -0.418761963999941, 39.451840928 ], [ -0.418768615999966, 39.4516608980001 ] ] ] } },
{ "type": "Feature", "properties": { "ObjectId": 836, "Shape__Area": 4235.0057678222656, "Shape__Length": 539.10058215642812, "area": 0.25209, "det_method": "Semi-automatic extraction", "dmg_src_id": 3, "event_type": "5-Flood", "notation": "Flooded area", "obj_desc": "Flash flood", "reference": "exact_time", "label": "Operational-product agreement" }, "geometry": { "type": "Polygon", "coordinates": [ [ [ -0.416955882999957, 39.462971802 ], [ -0.416952552999931, 39.463061816 ], [ -0.417068680999932, 39.463064397 ], [ -0.417062021999925, 39.463244426000102 ], [ -0.417178149999927, 39.463247007000099 ], [ -0.417171490999976, 39.463427036 ], [ -0.417287618999978, 39.463429617 ], [ -0.417284288999952, 39.463519632 ], [ -0.417400417999943, 39.463522212 ], [ -0.417393758999935, 39.463702242000103 ], [ -0.417509887999927, 39.463704822000103 ], [ -0.417503229999966, 39.463884852 ], [ -0.417619358999957, 39.463887432 ], [ -0.417612700999939, 39.464067461000099 ], [ -0.41772882999993, 39.464070042000102 ], [ -0.417726118999951, 39.464143342000099 ], [ -0.417496529999937, 39.464138240000104 ], [ -0.417503187999955, 39.463958217 ], [ -0.417270937999945, 39.463953056 ], [ -0.41728425499997, 39.463593010000103 ], [ -0.417052005999949, 39.463587849000099 ], [ -0.417058664999956, 39.463407826 ], [ -0.416826416999925, 39.4634026640001 ], [ -0.416842448999944, 39.46296928 ], [ -0.416955882999957, 39.462971802 ] ] ] } },
{ "type": "Feature", "properties": { "ObjectId": 320, "Shape__Area": 6045.7425231933594, "Shape__Length": 388.40934510766522, "area": 0.359859, "det_method": "Semi-automatic extraction", "dmg_src_id": 3, "event_type": "5-Flood", "notation": "Flooded area", "obj_desc": "Flash flood", "reference": "exact_time", "label": "Operational-product agreement" }, "geometry": { "type": "Polygon", "coordinates": [ [ [ -0.440583493999952, 39.465206225 ], [ -0.440351226999951, 39.465201110000102 ], [ -0.440354526999954, 39.4651110940001 ], [ -0.440238393999948, 39.465108536000102 ], [ -0.440244993999954, 39.464928503000102 ], [ -0.441290189999961, 39.464951519000103 ], [ -0.441286890999947, 39.465041536000101 ], [ -0.441403023999953, 39.465044093000103 ], [ -0.441399725999929, 39.465134109000097 ], [ -0.441515858999935, 39.465136666 ], [ -0.441512559999978, 39.465226682 ], [ -0.441396426999972, 39.465224125000098 ], [ -0.441393128999948, 39.4653141410001 ], [ -0.440580193999949, 39.4652962420001 ], [ -0.440583493999952, 39.465206225 ] ] ] } },
{ "type": "Feature", "properties": { "ObjectId": 837, "Shape__Area": 12822.186721801758, "Shape__Length": 1664.9856328675182, "area": 0.763192, "det_method": "Semi-automatic extraction", "dmg_src_id": 3, "event_type": "5-Flood", "notation": "Flooded area", "obj_desc": "Flash flood", "reference": "exact_time", "label": "Operational-product agreement" }, "geometry": { "type": "Polygon", "coordinates": [ [ [ -0.420037988999979, 39.464555029000103 ], [ -0.420031336999955, 39.464735052 ], [ -0.420495842999969, 39.464745363000098 ], [ -0.420469240999978, 39.4654654570001 ], [ -0.420701495999936, 39.465470612 ], [ -0.420694845999947, 39.465650635 ], [ -0.42092710299994, 39.46565579 ], [ -0.420913802999962, 39.466015837 ], [ -0.421146060999945, 39.4660209910001 ], [ -0.421139411999945, 39.466201014 ], [ -0.421371669999928, 39.466206168 ], [ -0.421365020999929, 39.466386191 ], [ -0.421597279999958, 39.466391344 ], [ -0.421577335999928, 39.466931415 ], [ -0.421809596999935, 39.466936568000101 ], [ -0.421796300999972, 39.467296615000102 ], [ -0.422028562999969, 39.467301767 ], [ -0.422021915999949, 39.467481791000097 ], [ -0.422254178999935, 39.467486943 ], [ -0.422240884999951, 39.467846990000098 ], [ -0.422473148999927, 39.467852142 ], [ -0.422459233999973, 39.46822904 ], [ -0.422456740999962, 39.468228985000103 ], [ -0.422463387999926, 39.468048955 ], [ -0.422347251999952, 39.468046379 ], [ -0.422353897999926, 39.467866350000101 ], [ -0.422237761999952, 39.467863774000101 ], [ -0.422241085999929, 39.467773759000103 ], [ -0.422124949999954, 39.467771183 ], [ -0.422128273999931, 39.467681168000098 ], [ -0.422012137999957, 39.467678592 ], [ -0.422018784999977, 39.467498562000102 ], [ -0.421902649999936, 39.467495986000102 ], [ -0.421905973999969, 39.467405971000098 ], [ -0.421789838999928, 39.467403394 ], [ -0.421796486999938, 39.467223364000098 ], [ -0.421680351999953, 39.467220788000098 ], [ -0.421687, 39.467040758000103 ], [ -0.421570865999968, 39.467038182000103 ], [ -0.421574189999944, 39.466948167000098 ], [ -0.42145805499996, 39.466945590000101 ], [ -0.421464703999959, 39.466765560000098 ], [ -0.421348569999964, 39.466762984000098 ], [ -0.42135189499993, 39.466672969000101 ], [ -0.421235760999934, 39.466670392 ], [ -0.421245734999957, 39.466400347 ], [ -0.421129600999961, 39.4663977700001 ], [ -0.421132925999927, 39.466307755000102 ], [ -0.421016792999978, 39.466305178 ], [ -0.421020116999955, 39.466215164000097 ], [ -0.420903983999949, 39.466212586 ], [ -0.420910633999938, 39.466032557000098 ], [ -0.420794500999932, 39.466029979 ], [ -0.420801151999967, 39.465849950000099 ], [ -0.420685018999961, 39.465847372 ], [ -0.420688344999974, 39.465757357 ], [ -0.420572211999968, 39.465754780000097 ], [ -0.420578862999946, 39.46557475 ], [ -0.42046273099993, 39.465572173000098 ], [ -0.420466055999952, 39.465482158 ], [ -0.420349924999925, 39.4654795800001 ], [ -0.420356575999961, 39.465299551 ], [ -0.420240443999944, 39.4652969730001 ], [ -0.420247095999969, 39.465116943000098 ], [ -0.420130964999942, 39.465114365 ], [ -0.420134289999964, 39.4650243500001 ], [ -0.420018158999937, 39.4650217720001 ], [ -0.420024810999962, 39.4648417430001 ], [ -0.419908680999924, 39.4648391650001 ], [ -0.419915332999949, 39.464659135 ], [ -0.419799201999979, 39.464656557000097 ], [ -0.419803146999925, 39.464549815000098 ], [ -0.420037988999979, 39.464555029000103 ] ] ] } },
{ "type": "Feature", "properties": { "ObjectId": 328, "Shape__Area": 780253.60105895996, "Shape__Length": 14183.3096976898, "area": 46.44083, "det_method": "Semi-automatic extraction", "dmg_src_id": 3, "event_type": "5-Flood", "notation": "Flooded area", "obj_desc": "Flash flood", "reference": "exact_time", "label": "Operational-product agreement" }, "geometry": { "type": "Polygon", "coordinates": [ [ [ -0.425920872999939, 39.475152501 ], [ -0.425804724999978, 39.4751499280001 ], [ -0.42580804399995, 39.475059913000102 ], [ -0.425691895999933, 39.47505734 ], [ -0.42569853599997, 39.474877310000103 ], [ -0.425582387999953, 39.4748747370001 ], [ -0.425589027999933, 39.474694707 ], [ -0.425472879999973, 39.474692134000101 ], [ -0.425476199999935, 39.474602119000103 ], [ -0.425360052999963, 39.474599546 ], [ -0.425366692999944, 39.474419516000097 ], [ -0.425250545999972, 39.474416942000097 ], [ -0.425257186999943, 39.474236912 ], [ -0.425141039999971, 39.474234339000098 ], [ -0.42514436099998, 39.4741443240001 ], [ -0.425030610999954, 39.474141803000101 ], [ -0.425028213999951, 39.474141750000101 ], [ -0.425032162999969, 39.474034685 ], [ -0.425034854999979, 39.47396172 ], [ -0.42491870899994, 39.473959147000102 ], [ -0.424925349999967, 39.473779117 ], [ -0.424809203999928, 39.473776543 ], [ -0.424812524999936, 39.473686528 ], [ -0.424696378999954, 39.473683954000101 ], [ -0.424703020999971, 39.473503924000099 ], [ -0.424586875999978, 39.47350135 ], [ -0.424593517999938, 39.47332132 ], [ -0.424477372999945, 39.473318746000103 ], [ -0.424480693999953, 39.473228731000098 ], [ -0.424364548999961, 39.473226157000099 ], [ -0.424371190999977, 39.473046127 ], [ -0.424255046999974, 39.473043553 ], [ -0.424258367999926, 39.472953538000098 ], [ -0.424144652999928, 39.472951018000103 ], [ -0.424142223999979, 39.472950964000098 ], [ -0.424142851999932, 39.472933951000101 ], [ -0.424148866999928, 39.472770934 ], [ -0.424032721999936, 39.472768359 ], [ -0.424039365999931, 39.472588329000097 ], [ -0.423923221999928, 39.472585755000097 ], [ -0.423926543999926, 39.472495740000099 ], [ -0.423810399999979, 39.472493165000103 ], [ -0.423817043999975, 39.472313135 ], [ -0.423700899999972, 39.472310561 ], [ -0.423707544999957, 39.472130531000097 ], [ -0.423591401999943, 39.472127956000101 ], [ -0.42359472399994, 39.472037941000103 ], [ -0.423478580999927, 39.4720353660001 ], [ -0.423485224999979, 39.471855336 ], [ -0.423369082999955, 39.471852761 ], [ -0.423375727999939, 39.471672731000098 ], [ -0.423259584999926, 39.471670156000101 ], [ -0.423266230999957, 39.471490126 ], [ -0.423150087999943, 39.471487551000102 ], [ -0.42315341099993, 39.471397536 ], [ -0.423037268999963, 39.471394961 ], [ -0.423047237999924, 39.4711249160001 ], [ -0.422931095999957, 39.471122341000097 ], [ -0.422934418999944, 39.471032326000099 ], [ -0.422818277999966, 39.471029750000099 ], [ -0.422821600999953, 39.470939735000101 ], [ -0.422705459999975, 39.470937160000098 ], [ -0.422712105999949, 39.47075713 ], [ -0.422598450999942, 39.470754609 ], [ -0.42259596599996, 39.470754554000102 ], [ -0.422596590999945, 39.4707376160001 ], [ -0.422599288999947, 39.470664539 ], [ -0.422483147999969, 39.470661963000097 ], [ -0.422489794999933, 39.470481934000098 ], [ -0.422373654999944, 39.470479358 ], [ -0.422376978999978, 39.4703893430001 ], [ -0.422260837999943, 39.470386767 ], [ -0.422267485999953, 39.470206737000098 ], [ -0.422153846999947, 39.470204216000099 ], [ -0.422151345999964, 39.470204161 ], [ -0.422157993999974, 39.470024131000102 ], [ -0.422041853999929, 39.470021555000102 ], [ -0.422045177999962, 39.469931540000097 ], [ -0.421929038999963, 39.469928964000097 ], [ -0.421939010999949, 39.469658919 ], [ -0.422171288999948, 39.4696640720001 ], [ -0.422167964999971, 39.469754087000098 ], [ -0.422400243999959, 39.469759239 ], [ -0.42240689099998, 39.469579209000102 ], [ -0.422523029999979, 39.469581785000102 ], [ -0.422526352999967, 39.46949177 ], [ -0.422642491999966, 39.469494346 ], [ -0.422645814999953, 39.469404331000099 ], [ -0.422413537999944, 39.469399179 ], [ -0.422420184999964, 39.469219149 ], [ -0.421491078999964, 39.4691985380001 ], [ -0.42149440299994, 39.469108524 ], [ -0.42137826499993, 39.469105947000102 ], [ -0.421381589999953, 39.469015932 ], [ -0.421265451999943, 39.469013355000101 ], [ -0.421272101999932, 39.468833325 ], [ -0.421155963999979, 39.468830748000101 ], [ -0.421162613999968, 39.468650719 ], [ -0.421046476999948, 39.468648141000102 ], [ -0.421053127999926, 39.468468112 ], [ -0.420936990999962, 39.468465534000103 ], [ -0.420940315999928, 39.468375520000102 ], [ -0.420824178999965, 39.468372942 ], [ -0.420837480999978, 39.468012883 ], [ -0.420605207999927, 39.468007728 ], [ -0.420608533999939, 39.467917713000098 ], [ -0.420492397999965, 39.467915135000098 ], [ -0.420499049999933, 39.467735106000099 ], [ -0.420382913999958, 39.467732528000099 ], [ -0.420389565999926, 39.467552499000099 ], [ -0.420273429999952, 39.467549921000099 ], [ -0.420280081999977, 39.467369891 ], [ -0.420163946999935, 39.467367313000103 ], [ -0.420173925999961, 39.467097269000099 ], [ -0.420057790999977, 39.467094691000099 ], [ -0.420058411999946, 39.467077877000101 ], [ -0.420061116999932, 39.467004676 ], [ -0.419947563999926, 39.467002155 ], [ -0.419944982999937, 39.467002098000101 ], [ -0.419948308999949, 39.466912083000103 ], [ -0.419832174999954, 39.466909505 ], [ -0.41983279599998, 39.466892697 ], [ -0.419835501999955, 39.46681949 ], [ -0.419721955999933, 39.466816969 ], [ -0.419719366999971, 39.466816912000098 ], [ -0.419722693999972, 39.4667268970001 ], [ -0.419606559999977, 39.466724318 ], [ -0.41961321399998, 39.466544289000097 ], [ -0.419497079999928, 39.466541710000101 ], [ -0.419503733999932, 39.466361681000102 ], [ -0.419387600999926, 39.466359102000098 ], [ -0.419394254999929, 39.466179072 ], [ -0.41927812199998, 39.466176494000102 ], [ -0.419284775999927, 39.465996464000099 ], [ -0.419168642999978, 39.465993885 ], [ -0.419171969999979, 39.465903871000101 ], [ -0.419055837999963, 39.465901292000098 ], [ -0.419062492999956, 39.465721262 ], [ -0.418946360999939, 39.465718683 ], [ -0.418949687999941, 39.4656286680001 ], [ -0.418833555999925, 39.465626089000096 ], [ -0.418836883999973, 39.465536074000099 ], [ -0.418720751999956, 39.465533495 ], [ -0.418724698999938, 39.465426722000103 ], [ -0.418727406999949, 39.465353466000103 ], [ -0.418611275999979, 39.465350886000103 ], [ -0.418617931999961, 39.465170857 ], [ -0.418501799999945, 39.465168277 ], [ -0.418508455999927, 39.464988248000097 ], [ -0.418392325999946, 39.464985668000097 ], [ -0.418395653999937, 39.464895654 ], [ -0.418279522999967, 39.464893074 ], [ -0.418286178999949, 39.464713045000103 ], [ -0.418172693999963, 39.464710524000097 ], [ -0.418170048999968, 39.464710465000103 ], [ -0.418170667999959, 39.464693731000096 ], [ -0.41817337699996, 39.46462045 ], [ -0.418057246999979, 39.46461787 ], [ -0.418063903999951, 39.464437841000098 ], [ -0.41794777399997, 39.464435261000098 ], [ -0.41795110299995, 39.4643452460001 ], [ -0.41783497299997, 39.4643426660001 ], [ -0.417841630999931, 39.464162637000101 ], [ -0.417728162999936, 39.464160115 ], [ -0.41772550099995, 39.464160056 ], [ -0.417726118999951, 39.464143342000099 ], [ -0.41772882999993, 39.464070042000102 ], [ -0.417612700999939, 39.464067461000099 ], [ -0.417619358999957, 39.463887432 ], [ -0.417503229999966, 39.463884852 ], [ -0.417509887999927, 39.463704822000103 ], [ -0.417393758999935, 39.463702242000103 ], [ -0.417400417999943, 39.463522212 ], [ -0.417284288999952, 39.463519632 ], [ -0.417287618999978, 39.463429617 ], [ -0.417171490999976, 39.463427036 ], [ -0.417178149999927, 39.463247007000099 ], [ -0.417062021999925, 39.463244426000102 ], [ -0.417068680999932, 39.463064397 ], [ -0.416952552999931, 39.463061816 ], [ -0.416955882999957, 39.462971802 ], [ -0.416842448999944, 39.46296928 ], [ -0.416839755999945, 39.46296922 ], [ -0.416846415999942, 39.462789191000098 ], [ -0.416730288999929, 39.462786610000101 ], [ -0.416733618999956, 39.462696595000097 ], [ -0.416617491999943, 39.4626940140001 ], [ -0.41662415199994, 39.462513985 ], [ -0.416508024999928, 39.462511404000097 ], [ -0.416514685999971, 39.462331374 ], [ -0.416398558999958, 39.462328793 ], [ -0.416401889999975, 39.462238778 ], [ -0.416285763999952, 39.462236197 ], [ -0.416289093999978, 39.462146182 ], [ -0.416172967999955, 39.462143601 ], [ -0.416176298999972, 39.462053586 ], [ -0.416060172999948, 39.462051004 ], [ -0.416070164999951, 39.461780960000098 ], [ -0.415954039999974, 39.461778379000101 ], [ -0.41596070199995, 39.461598349 ], [ -0.415844576999973, 39.461595767000098 ], [ -0.415851238999949, 39.461415738 ], [ -0.415735113999972, 39.461413156 ], [ -0.415738444999931, 39.461323142 ], [ -0.415622320999944, 39.46132056 ], [ -0.415628982999976, 39.461140530000101 ], [ -0.415512858999932, 39.461137948 ], [ -0.415516189999948, 39.461047934000099 ], [ -0.415400065999961, 39.461045351000102 ], [ -0.415406728999926, 39.460865322000103 ], [ -0.415290604999939, 39.46086274 ], [ -0.41529726899995, 39.460682711000103 ], [ -0.415181144999963, 39.460680128 ], [ -0.415187808999974, 39.4605000990001 ], [ -0.415071685999976, 39.460497516 ], [ -0.415078348999941, 39.460317487000097 ], [ -0.414962226999933, 39.460314904 ], [ -0.414965557999949, 39.460224890000099 ], [ -0.41484943599994, 39.460222307 ], [ -0.414856099999952, 39.460042278000103 ], [ -0.414739977999943, 39.460039695 ], [ -0.414746641999955, 39.459859666000099 ], [ -0.414630519999946, 39.459857083 ], [ -0.414633852999941, 39.459767068000097 ], [ -0.414517730999933, 39.4597644850001 ], [ -0.414524395999933, 39.459584456000101 ], [ -0.414408273999925, 39.459581873 ], [ -0.414414938999926, 39.459401844000098 ], [ -0.414647181999953, 39.459407010000099 ], [ -0.414650513999959, 39.459316996 ], [ -0.414418271999978, 39.4593118290001 ], [ -0.414421603999926, 39.459221815 ], [ -0.414189362999934, 39.459216648000101 ], [ -0.41419269499994, 39.459126633 ], [ -0.414076574999967, 39.459124050000099 ], [ -0.414079907999962, 39.459034035000101 ], [ -0.413963786999943, 39.459031452 ], [ -0.413970452999934, 39.458851423000098 ], [ -0.413854332999961, 39.458848839 ], [ -0.413861, 39.458668810000098 ], [ -0.413744879999967, 39.458666226 ], [ -0.413751545999958, 39.458486197000099 ], [ -0.413635426999974, 39.458483613000098 ], [ -0.413638759999969, 39.458393599 ], [ -0.413522640999929, 39.458391015000103 ], [ -0.413529307999966, 39.458210986 ], [ -0.413413188999925, 39.458208401 ], [ -0.413419855999962, 39.458028373 ], [ -0.413303736999978, 39.458025788 ], [ -0.413307070999963, 39.457935774000099 ], [ -0.413190951999979, 39.457933189000101 ], [ -0.413197619999949, 39.457753161 ], [ -0.413081501999955, 39.457750576000102 ], [ -0.413084835999939, 39.4576605620001 ], [ -0.412968717999945, 39.457657977000103 ], [ -0.412975385999971, 39.457477948000097 ], [ -0.412859267999977, 39.4574753630001 ], [ -0.412862602999951, 39.457385349 ], [ -0.412746484999957, 39.457382764 ], [ -0.412753153999972, 39.457202735000102 ], [ -0.412637036999968, 39.457200150000098 ], [ -0.412643705999926, 39.457020122000102 ], [ -0.412527588999978, 39.457017536000102 ], [ -0.412534257999937, 39.456837508 ], [ -0.412418140999932, 39.456834923 ], [ -0.412421475999963, 39.456744908000097 ], [ -0.412305359999948, 39.4567423230001 ], [ -0.412312029999953, 39.456562294 ], [ -0.412195912999948, 39.456559709 ], [ -0.412202582999953, 39.456379680000097 ], [ -0.412086466999938, 39.4563770950001 ], [ -0.412093137999932, 39.456197066000101 ], [ -0.411977021999974, 39.4561944800001 ], [ -0.411980357999937, 39.456104466000099 ], [ -0.411864241999979, 39.456101880000098 ], [ -0.411867576999953, 39.456011866 ], [ -0.411751461999927, 39.45600928 ], [ -0.411758132999978, 39.455829251000097 ], [ -0.411642017999952, 39.4558266660001 ], [ -0.411648689999936, 39.455646637 ], [ -0.411532574999967, 39.455644051 ], [ -0.41153591099993, 39.455554037000098 ], [ -0.411419795999961, 39.45555145 ], [ -0.411426467999945, 39.455371422 ], [ -0.411310353999966, 39.455368836 ], [ -0.411313689999929, 39.455278821 ], [ -0.41119757599995, 39.455276235 ], [ -0.411204247999933, 39.4550962060001 ], [ -0.411088134999943, 39.455093620000099 ], [ -0.411094806999927, 39.454913591 ], [ -0.410978693999937, 39.454911005 ], [ -0.410982029999957, 39.454820991000098 ], [ -0.410865916999967, 39.454818404 ], [ -0.41087258999994, 39.454638375000101 ], [ -0.41075647699995, 39.4546357890001 ], [ -0.410763150999969, 39.45445576 ], [ -0.410647037999979, 39.454453173 ], [ -0.410650374999932, 39.454363159 ], [ -0.410534261999942, 39.454360572 ], [ -0.410540935999961, 39.454180543000099 ], [ -0.410424823999961, 39.454177956000102 ], [ -0.41043149799998, 39.453997928 ], [ -0.410315385999979, 39.453995341000102 ], [ -0.410322060999931, 39.453815312000103 ], [ -0.410205948999931, 39.453812725 ], [ -0.41020928699993, 39.453722711000097 ], [ -0.410093174999929, 39.453720123 ], [ -0.410099849999938, 39.453540095000101 ], [ -0.409983738999927, 39.453537508000103 ], [ -0.409987076999926, 39.453447493000098 ], [ -0.409870965999971, 39.453444906000101 ], [ -0.40987764099998, 39.453264877 ], [ -0.409761530999958, 39.453262290000097 ], [ -0.409768205999967, 39.453082261000098 ], [ -0.409652095999945, 39.453079673 ], [ -0.409655433999944, 39.452989659 ], [ -0.409539323999979, 39.452987071000102 ], [ -0.409542661999978, 39.452897057 ], [ -0.409426551999957, 39.4528944690001 ], [ -0.409436566999943, 39.452624426000099 ], [ -0.409552675999976, 39.452627014 ], [ -0.409556013999975, 39.452537 ], [ -0.40967212399994, 39.452539588 ], [ -0.409678798999948, 39.452359559000101 ], [ -0.409794907999981, 39.452362147 ], [ -0.40979824599998, 39.4522721330001 ], [ -0.409914354999955, 39.45227472 ], [ -0.409917692999954, 39.452184706 ], [ -0.41003380099994, 39.452187293000101 ], [ -0.41003713899994, 39.452097279 ], [ -0.410153246999926, 39.452099866 ], [ -0.410156584999925, 39.452009852000103 ], [ -0.410388801999943, 39.452015026 ], [ -0.410392138999953, 39.451925012000103 ], [ -0.410508246999939, 39.451927599 ], [ -0.410511583999948, 39.451837584 ], [ -0.410627691999935, 39.4518401710001 ], [ -0.410621018999962, 39.4520202 ], [ -0.410737127999937, 39.452022787 ], [ -0.410730454999964, 39.452202815000099 ], [ -0.410846563999939, 39.452205402000097 ], [ -0.41084322699993, 39.452295416 ], [ -0.410959335999962, 39.452298003000102 ], [ -0.410952663999979, 39.452478031000098 ], [ -0.411068772999954, 39.452480618 ], [ -0.41106210099997, 39.452660646 ], [ -0.411178210999935, 39.452663233000102 ], [ -0.411174874999972, 39.452753247 ], [ -0.411290984999937, 39.452755833 ], [ -0.411284312999953, 39.452935862000103 ], [ -0.411400422999975, 39.452938448000097 ], [ -0.411397087999944, 39.453028462000098 ], [ -0.411513197999966, 39.453031048000099 ], [ -0.411506526999972, 39.453211077 ], [ -0.411622637999926, 39.453213663 ], [ -0.411615966999932, 39.453393692000098 ], [ -0.411732077999943, 39.453396277 ], [ -0.411725406999949, 39.453576306000102 ], [ -0.41184151799996, 39.453578892000102 ], [ -0.411838182999929, 39.453668906000097 ], [ -0.41195429499993, 39.453671492000097 ], [ -0.411947623999936, 39.453851521 ], [ -0.412063735999936, 39.453854106000101 ], [ -0.412060400999962, 39.453944121000099 ], [ -0.412176512999963, 39.453946706000103 ], [ -0.412169843999948, 39.454126735 ], [ -0.412285955999948, 39.45412932 ], [ -0.412282620999974, 39.454219334000101 ], [ -0.412398733999964, 39.454221920000101 ], [ -0.41239206399996, 39.454401948000097 ], [ -0.41250817699995, 39.454404533000101 ], [ -0.412501507999934, 39.454584562 ], [ -0.412617620999924, 39.454587147 ], [ -0.412610952999955, 39.454767176000097 ], [ -0.412727065999945, 39.454769761000101 ], [ -0.412723731999961, 39.454859775 ], [ -0.412839844999951, 39.45486236 ], [ -0.412833176999925, 39.455042389 ], [ -0.412949290999961, 39.455044974 ], [ -0.412945956999977, 39.455134988000097 ], [ -0.413062070999956, 39.455137573000101 ], [ -0.41305540299993, 39.455317602 ], [ -0.413171517999956, 39.455320186000101 ], [ -0.41316484999993, 39.455500215 ], [ -0.413280964999956, 39.455502799 ], [ -0.413274297999976, 39.4556828280001 ], [ -0.413390412999945, 39.455685412 ], [ -0.413387078999961, 39.455775427 ], [ -0.413503193999929, 39.455778011000099 ], [ -0.41349652699995, 39.45595804 ], [ -0.413612642999965, 39.455960624000099 ], [ -0.413605975999928, 39.456140653 ], [ -0.413722091999944, 39.456143237 ], [ -0.413718758999948, 39.4562332510001 ], [ -0.413834874999964, 39.456235835 ], [ -0.413828208999973, 39.4564158640001 ], [ -0.413944324999932, 39.4564184480001 ], [ -0.413940991999937, 39.456508462 ], [ -0.414057108999941, 39.456511046000102 ], [ -0.414053775999946, 39.45660106 ], [ -0.414169892999951, 39.456603644 ], [ -0.41416322699996, 39.456783673000103 ], [ -0.414279343999965, 39.456786256 ], [ -0.414272678999964, 39.4569662850001 ], [ -0.414388796999958, 39.456968869 ], [ -0.414382131999957, 39.457148898000099 ], [ -0.414498248999962, 39.457151481 ], [ -0.414491584999951, 39.457331510000103 ], [ -0.414607702999945, 39.457334093 ], [ -0.414604370999939, 39.457424108000097 ], [ -0.414720488999933, 39.457426691000101 ], [ -0.414713824999978, 39.457606720000101 ], [ -0.414829942999972, 39.457609303 ], [ -0.414823278999961, 39.457789332000097 ], [ -0.414939397999945, 39.457791915 ], [ -0.414932733999933, 39.4579719440001 ], [ -0.415048852999973, 39.457974526 ], [ -0.415042189999951, 39.4581545550001 ], [ -0.415158308999935, 39.458157138 ], [ -0.415154977999975, 39.458247153000102 ], [ -0.415271096999959, 39.458249735 ], [ -0.415264433999937, 39.458429764000101 ], [ -0.415380553999967, 39.458432347 ], [ -0.41537722299995, 39.458522361000099 ], [ -0.41549334299998, 39.458524944 ], [ -0.415486680999948, 39.458704973000103 ], [ -0.415602800999977, 39.458707555 ], [ -0.415596138999945, 39.458887584 ], [ -0.415712258999974, 39.458890166000103 ], [ -0.415708927999958, 39.458980181000101 ], [ -0.415825048999977, 39.458982763000101 ], [ -0.415818387999934, 39.459162792 ], [ -0.415934508999953, 39.459165374000101 ], [ -0.415924516999951, 39.459435418000098 ], [ -0.41604063799997, 39.459437999 ], [ -0.416033976999927, 39.459618029000097 ], [ -0.415801733999956, 39.459612865000103 ], [ -0.41579840299994, 39.459702879000098 ], [ -0.416262889999928, 39.459713206000103 ], [ -0.416259559999958, 39.459803221000101 ], [ -0.416491803999975, 39.459808384 ], [ -0.416485143999978, 39.459988413000097 ], [ -0.416601266999976, 39.459990994000101 ], [ -0.416594606999979, 39.460171024 ], [ -0.416710729999977, 39.460173605000101 ], [ -0.41670739999995, 39.460263619 ], [ -0.416823522999948, 39.4602662 ], [ -0.416813533999971, 39.460536244 ], [ -0.416929656999969, 39.4605388250001 ], [ -0.416926327999931, 39.46062884 ], [ -0.417042450999929, 39.460631421000102 ], [ -0.417035792999968, 39.460811450000101 ], [ -0.417151915999966, 39.460814031 ], [ -0.417148586999929, 39.460904046000103 ], [ -0.417264710999973, 39.460906626000103 ], [ -0.417258666999942, 39.461070047000099 ], [ -0.417258052999955, 39.461086656000099 ], [ -0.417374176999942, 39.461089236000099 ], [ -0.417370847999962, 39.461179251 ], [ -0.417373525999949, 39.46117931 ], [ -0.417486972999939, 39.461181831 ], [ -0.417484257999945, 39.461255231000102 ], [ -0.417470327999979, 39.461631905 ], [ -0.417586453999945, 39.461634485 ], [ -0.417576466999947, 39.461904529 ], [ -0.41769259299997, 39.461907109 ], [ -0.41769592199995, 39.4618170950001 ], [ -0.41781470799998, 39.461819734000102 ], [ -0.41792817299995, 39.461822255000101 ], [ -0.417921515999979, 39.4620022840001 ], [ -0.418037641999945, 39.4620048640001 ], [ -0.418034313999954, 39.462094879000098 ], [ -0.418150439999977, 39.462097459000098 ], [ -0.418143782999948, 39.462277488 ], [ -0.418259909999961, 39.462280068 ], [ -0.418257197999935, 39.4623534300001 ], [ -0.418253253999978, 39.462460097000097 ], [ -0.418255898999973, 39.462460156000098 ], [ -0.418369380999934, 39.462462677000097 ], [ -0.418366668999965, 39.462536033 ], [ -0.418362724999952, 39.462642706000103 ], [ -0.418478851999964, 39.462645286000097 ], [ -0.418472195999925, 39.462825315 ], [ -0.418474833999937, 39.462825374 ], [ -0.418588323999927, 39.462827895 ], [ -0.418585611999958, 39.462901239000097 ], [ -0.418581667999945, 39.463007924000102 ], [ -0.418697795999947, 39.463010504000103 ], [ -0.418691140999954, 39.463190533 ], [ -0.418807268999956, 39.463193112000098 ], [ -0.418803940999965, 39.463283127000103 ], [ -0.418920069999956, 39.4632857060001 ], [ -0.418913414999963, 39.463465736 ], [ -0.419029542999965, 39.4634683150001 ], [ -0.419026215999963, 39.463558329000101 ], [ -0.419142344999955, 39.463560908 ], [ -0.419135690999951, 39.4637409380001 ], [ -0.419138303999944, 39.463740996000098 ], [ -0.419251819999943, 39.463743517000097 ], [ -0.419245165999939, 39.463923546 ], [ -0.419361294999931, 39.4639261250001 ], [ -0.419354641999973, 39.464106154 ], [ -0.419470770999965, 39.464108733 ], [ -0.419467443999963, 39.464198748000101 ], [ -0.419583573999944, 39.464201326000101 ], [ -0.419577538999931, 39.464364635 ], [ -0.41957692099993, 39.464381356 ], [ -0.419579517999978, 39.464381414000101 ], [ -0.419693050999967, 39.464383934000097 ], [ -0.419689724999955, 39.464473949000102 ], [ -0.419805854999936, 39.464476527 ], [ -0.419803146999925, 39.464549815000098 ], [ -0.419799201999979, 39.464656557000097 ], [ -0.419915332999949, 39.464659135 ], [ -0.419908680999924, 39.4648391650001 ], [ -0.420024810999962, 39.4648417430001 ], [ -0.420018158999937, 39.4650217720001 ], [ -0.420134289999964, 39.4650243500001 ], [ -0.420130964999942, 39.465114365 ], [ -0.420247095999969, 39.465116943000098 ], [ -0.420240443999944, 39.4652969730001 ], [ -0.420356575999961, 39.465299551 ], [ -0.420349924999925, 39.4654795800001 ], [ -0.420466055999952, 39.465482158 ], [ -0.42046273099993, 39.465572173000098 ], [ -0.420578862999946, 39.46557475 ], [ -0.420572211999968, 39.465754780000097 ], [ -0.420688344999974, 39.465757357 ], [ -0.420685018999961, 39.465847372 ], [ -0.420801151999967, 39.465849950000099 ], [ -0.420794500999932, 39.466029979 ], [ -0.420910633999938, 39.466032557000098 ], [ -0.420903983999949, 39.466212586 ], [ -0.421020116999955, 39.466215164000097 ], [ -0.421016792999978, 39.466305178 ], [ -0.421132925999927, 39.466307755000102 ], [ -0.421129600999961, 39.4663977700001 ], [ -0.421245734999957, 39.466400347 ], [ -0.421235760999934, 39.466670392 ], [ -0.42135189499993, 39.466672969000101 ], [ -0.421348569999964, 39.466762984000098 ], [ -0.421464703999959, 39.466765560000098 ], [ -0.42145805499996, 39.466945590000101 ], [ -0.421574189999944, 39.466948167000098 ], [ -0.421570865999968, 39.467038182000103 ], [ -0.421687, 39.467040758000103 ], [ -0.421680351999953, 39.467220788000098 ], [ -0.421796486999938, 39.467223364000098 ], [ -0.421789838999928, 39.467403394 ], [ -0.421905973999969, 39.467405971000098 ], [ -0.421902649999936, 39.467495986000102 ], [ -0.422018784999977, 39.467498562000102 ], [ -0.422012137999957, 39.467678592 ], [ -0.422128273999931, 39.467681168000098 ], [ -0.422124949999954, 39.467771183 ], [ -0.422241085999929, 39.467773759000103 ], [ -0.422237761999952, 39.467863774000101 ], [ -0.422353897999926, 39.467866350000101 ], [ -0.422347251999952, 39.468046379 ], [ -0.422463387999926, 39.468048955 ], [ -0.422456740999962, 39.468228985000103 ], [ -0.422459233999973, 39.46822904 ], [ -0.422572877999926, 39.468231561 ], [ -0.422566853999967, 39.468394733 ], [ -0.422566231999951, 39.468411591000098 ], [ -0.422682368999972, 39.468414166000102 ], [ -0.422679045999928, 39.4685041810001 ], [ -0.422681530999967, 39.468504236000101 ], [ -0.422795182999948, 39.4685067570001 ], [ -0.422792482999967, 39.468579908 ], [ -0.422788536999974, 39.468686787 ], [ -0.422904674999927, 39.468689362000099 ], [ -0.422898028999953, 39.468869392 ], [ -0.423014166999963, 39.468871967 ], [ -0.423007520999931, 39.469051997000101 ], [ -0.423123659999931, 39.469054573000101 ], [ -0.423120960999938, 39.469127705000098 ], [ -0.423117014999946, 39.469234602 ], [ -0.423233152999956, 39.4692371780001 ], [ -0.423229829999968, 39.469327193 ], [ -0.423113691999959, 39.469324617 ], [ -0.423107046999974, 39.4695046470001 ], [ -0.422990907999974, 39.469502072000097 ], [ -0.422984261999943, 39.469682102 ], [ -0.422868122999944, 39.469679526 ], [ -0.422864799999957, 39.469769541000097 ], [ -0.423329357999933, 39.469779842 ], [ -0.423326034999945, 39.469869857 ], [ -0.423442174999934, 39.469872432 ], [ -0.423438851999947, 39.4699624470001 ], [ -0.423554991999936, 39.469965022000103 ], [ -0.423551669999938, 39.470055037000101 ], [ -0.423783949999972, 39.470060186000097 ], [ -0.423770661999924, 39.470420246000103 ], [ -0.423886802999959, 39.470422821000099 ], [ -0.423883480999962, 39.470512836000097 ], [ -0.42399962199994, 39.470515410000097 ], [ -0.423996299999942, 39.470605425 ], [ -0.424112440999977, 39.470608 ], [ -0.424109118999979, 39.470698015 ], [ -0.424225259999957, 39.470700589 ], [ -0.424221938999949, 39.470790604000101 ], [ -0.424224367999955, 39.470790658000098 ], [ -0.424338079999927, 39.4707931780001 ], [ -0.424331437999967, 39.470973208 ], [ -0.424447578999946, 39.470975782 ], [ -0.424444257999937, 39.471065797000101 ], [ -0.424560399999962, 39.471068371000101 ], [ -0.424557078999953, 39.471158386000099 ], [ -0.424673219999931, 39.471160960000098 ], [ -0.424666578999961, 39.47134099 ], [ -0.424782720999929, 39.471343564000101 ], [ -0.424776704999942, 39.471506631000103 ], [ -0.424769437999942, 39.471703624 ], [ -0.424885580999955, 39.471706197000103 ], [ -0.424882259999947, 39.4717962120001 ], [ -0.424998402999961, 39.4717987860001 ], [ -0.424991761999934, 39.471978816 ], [ -0.425107904999948, 39.471981390000103 ], [ -0.425101264999967, 39.472161420000099 ], [ -0.425333551999927, 39.472166566000098 ], [ -0.425330231999965, 39.472256581000103 ], [ -0.425214087999962, 39.472254008 ], [ -0.425208073999954, 39.472417044000103 ], [ -0.425201433999973, 39.472597068 ], [ -0.425200806999953, 39.472614068 ], [ -0.425316950999957, 39.472616641000101 ], [ -0.425313630999938, 39.472706657000103 ], [ -0.425545919999934, 39.472711803 ], [ -0.425542599999972, 39.4728018180001 ], [ -0.425774888999968, 39.472806963 ], [ -0.425771569999938, 39.472896978000101 ], [ -0.425887713999941, 39.472899551000097 ], [ -0.425884394999969, 39.472989566000102 ], [ -0.426000539999961, 39.472992139 ], [ -0.425997220999932, 39.473082154000103 ], [ -0.425999585999932, 39.4730822060001 ], [ -0.426113365999925, 39.473084726 ], [ -0.426106726999933, 39.473264757 ], [ -0.426222872999972, 39.473267329000102 ], [ -0.42621623499997, 39.473447359 ], [ -0.426332379999963, 39.473449931000097 ], [ -0.42632574199996, 39.473629962000103 ], [ -0.426441887999943, 39.473632534 ], [ -0.426438569999959, 39.473722549000101 ], [ -0.426554715999941, 39.473725121 ], [ -0.426548077999939, 39.473905151000103 ], [ -0.426664224999968, 39.473907723 ], [ -0.426657587999955, 39.474087754 ], [ -0.426773734999927, 39.474090325000098 ], [ -0.426770415999954, 39.4741803410001 ], [ -0.426886562999925, 39.474182912000103 ], [ -0.426883873999941, 39.474255871 ], [ -0.426879926999959, 39.474362943000102 ], [ -0.426996073999931, 39.474365514000098 ], [ -0.426989436999975, 39.474545545000097 ], [ -0.427105584999936, 39.474548116000101 ], [ -0.427098948999969, 39.474728146000103 ], [ -0.42721509699993, 39.474730718 ], [ -0.427201824999941, 39.475090779 ], [ -0.427317973999948, 39.475093350000101 ], [ -0.427314655999965, 39.475183365000099 ], [ -0.427430803999926, 39.475185936000102 ], [ -0.427427486999932, 39.4752759510001 ], [ -0.427543635999939, 39.475278523 ], [ -0.427533682999979, 39.4755485680001 ], [ -0.427649831999929, 39.475551139000103 ], [ -0.427646514999935, 39.475641154000101 ], [ -0.427762663999943, 39.475643725000097 ], [ -0.427756028999966, 39.475823756000104 ], [ -0.427872178999962, 39.475826327 ], [ -0.427865544999975, 39.476006357000102 ], [ -0.427981694999971, 39.476008928000098 ], [ -0.427971743999933, 39.476278973 ], [ -0.42808789399993, 39.476281544000102 ], [ -0.428084576999936, 39.476371559 ], [ -0.428200727999979, 39.476374130000103 ], [ -0.428197410999928, 39.476464145000101 ], [ -0.428429712999957, 39.476469286000103 ], [ -0.428426395999963, 39.476559301000101 ], [ -0.42854254699995, 39.476561871000101 ], [ -0.428539230999945, 39.476651886000099 ], [ -0.428655381999931, 39.476654457000102 ], [ -0.428648749999979, 39.476834487000097 ], [ -0.428764900999965, 39.476837057000097 ], [ -0.428761584999961, 39.476927072000102 ], [ -0.428877736999937, 39.476929642000101 ], [ -0.428871103999938, 39.477109673 ], [ -0.428873364999959, 39.477109723000098 ], [ -0.428987255999971, 39.477112242 ], [ -0.428983940999956, 39.477202258 ], [ -0.429100092999931, 39.477204827 ], [ -0.429093460999979, 39.4773848580001 ], [ -0.429209613999944, 39.477387428 ], [ -0.429202981999936, 39.477567458000102 ], [ -0.429319134999957, 39.477570028000102 ], [ -0.429315819999943, 39.4776600430001 ], [ -0.429318064999961, 39.477660093000097 ], [ -0.429431972999964, 39.477662612000103 ], [ -0.429425341999945, 39.477842643 ], [ -0.429541494999967, 39.477845212 ], [ -0.429534863999947, 39.478025243 ], [ -0.429651017999959, 39.4780278120001 ], [ -0.429644387999929, 39.478207842000103 ], [ -0.42976054199994, 39.478210411000099 ], [ -0.429757225999936, 39.4783004270001 ], [ -0.429873380999936, 39.478302996 ], [ -0.429866750999963, 39.478483026 ], [ -0.429982904999974, 39.478485595000102 ], [ -0.429976274999945, 39.478665626000101 ], [ -0.430092429999945, 39.478668195000097 ], [ -0.430089115999976, 39.478758210000102 ], [ -0.430205269999931, 39.478760779 ], [ -0.430198640999947, 39.4789408090001 ], [ -0.430314795999948, 39.478943378000103 ], [ -0.430308167999954, 39.479123408000099 ], [ -0.430424322999954, 39.479125977000102 ], [ -0.430421008999929, 39.479215992 ], [ -0.430537163999929, 39.479218561 ], [ -0.430527221999967, 39.4794886070001 ], [ -0.430643377999957, 39.479491175000099 ], [ -0.430640063999931, 39.47958119 ], [ -0.430756219999978, 39.479583758 ], [ -0.430752905999952, 39.479673774 ], [ -0.430869062999932, 39.479676342000097 ], [ -0.430865748999963, 39.479766357000102 ], [ -0.430867937999949, 39.479766405000099 ], [ -0.430981905999943, 39.479768925 ], [ -0.430975277999949, 39.479948956 ], [ -0.431091434999928, 39.4799515240001 ], [ -0.43108480799998, 39.480131554 ], [ -0.43120096499996, 39.480134122 ], [ -0.43119765199998, 39.4802241370001 ], [ -0.43131380899996, 39.480226705000099 ], [ -0.431307182999944, 39.480406736000099 ], [ -0.431309355999929, 39.480406784 ], [ -0.431423339999981, 39.480409303 ], [ -0.431420661999937, 39.480482052000099 ], [ -0.431416713999965, 39.480589334000101 ], [ -0.431532871999934, 39.4805919020001 ], [ -0.431526245999976, 39.480771932 ], [ -0.431528410999931, 39.48077198 ], [ -0.431642403999945, 39.480774500000102 ], [ -0.431639090999965, 39.4808645150001 ], [ -0.431755249999981, 39.480867082 ], [ -0.431748623999965, 39.481047113 ], [ -0.43186478299998, 39.481049680000098 ], [ -0.431854844999975, 39.481319726 ], [ -0.431971003999934, 39.481322294000101 ], [ -0.431964378999965, 39.481502324000097 ], [ -0.431499740999925, 39.481492055 ], [ -0.431496427999946, 39.481582071 ], [ -0.431380267999941, 39.481579503 ], [ -0.431376954999962, 39.481669518 ], [ -0.431144634999953, 39.481664383000101 ], [ -0.431141321999974, 39.481754398000099 ], [ -0.431027341999936, 39.481751878000097 ], [ -0.431025161999969, 39.4817518300001 ], [ -0.431021847999943, 39.481841846000101 ], [ -0.430791716999977, 39.481836758 ], [ -0.43067336799993, 39.481834141 ], [ -0.430677318999926, 39.481726815000101 ], [ -0.430679995999981, 39.481654111000097 ], [ -0.43056603399998, 39.481651591000102 ], [ -0.430563836999966, 39.481651542000101 ], [ -0.430567150999934, 39.481561527000103 ], [ -0.43045099099993, 39.481558959 ], [ -0.430451627999958, 39.481541654000097 ], [ -0.430454305999945, 39.481468943 ], [ -0.430338146999929, 39.481466375 ], [ -0.43034477599997, 39.481286344000097 ], [ -0.430228616999955, 39.481283775000101 ], [ -0.430235245999938, 39.481103745 ], [ -0.430119087999969, 39.481101176 ], [ -0.430125716999953, 39.480921146000099 ], [ -0.430009558999927, 39.480918577000097 ], [ -0.430012873999942, 39.480828561000102 ], [ -0.429898936999962, 39.4808260410001 ], [ -0.429896715999973, 39.480825992000099 ], [ -0.429903345999946, 39.480645962 ], [ -0.429787187999978, 39.480643393 ], [ -0.429787823999959, 39.4806261190001 ], [ -0.42979381899994, 39.480463362000101 ], [ -0.429679889999932, 39.480460842000099 ], [ -0.429677660999971, 39.480460793000098 ], [ -0.429678296999953, 39.480443526 ], [ -0.429680975999929, 39.480370778000101 ], [ -0.42956481899995, 39.480368209000098 ], [ -0.429571449999969, 39.480188178 ], [ -0.429455292999933, 39.480185609 ], [ -0.429458607999948, 39.480095594 ], [ -0.429342450999968, 39.480093024 ], [ -0.429349082999977, 39.479912994000102 ], [ -0.429235171999949, 39.4799104740001 ], [ -0.429232925999941, 39.479910424 ], [ -0.429233560999933, 39.479893175 ], [ -0.429239557999949, 39.479730393000096 ], [ -0.429123401999959, 39.479727824000101 ], [ -0.429126717999964, 39.479637809000103 ], [ -0.429012814999965, 39.479635289 ], [ -0.429010561999974, 39.479635239000103 ], [ -0.42901451299997, 39.479527987 ], [ -0.429017193999925, 39.479455208 ], [ -0.428901037999935, 39.479452638000097 ], [ -0.428904988999932, 39.479345393000102 ], [ -0.428907669999944, 39.479272608 ], [ -0.428791514999944, 39.479270038 ], [ -0.428794830999948, 39.479180023 ], [ -0.428678675999947, 39.479177453 ], [ -0.428685308999945, 39.478997422000099 ], [ -0.428569153999945, 39.478994852 ], [ -0.428575786999943, 39.478814822000103 ], [ -0.428459631999942, 39.4788122510001 ], [ -0.428460265999945, 39.478795039 ], [ -0.428462948999936, 39.478722236000102 ], [ -0.428346793999935, 39.478719666000103 ], [ -0.42835342799998, 39.478539635000097 ], [ -0.428237273999969, 39.478537065000097 ], [ -0.428243907999956, 39.478357035 ], [ -0.428127753999945, 39.478354464000098 ], [ -0.428131070999939, 39.4782644490001 ], [ -0.428014916999928, 39.478261878000097 ], [ -0.428021551999962, 39.478081848 ], [ -0.42790539799995, 39.478079277000099 ], [ -0.427908715999934, 39.477989262000101 ], [ -0.427792561999979, 39.477986691000098 ], [ -0.427799196999956, 39.477806660000098 ], [ -0.427685344999929, 39.47780414 ], [ -0.427683043999934, 39.477804089000102 ], [ -0.427689679999958, 39.477624059 ], [ -0.427573526999936, 39.477621488000104 ], [ -0.427580162999959, 39.477441458 ], [ -0.427464009999937, 39.477438886000101 ], [ -0.427467327999977, 39.477348871000103 ], [ -0.427351175999945, 39.4773463000001 ], [ -0.427357811999968, 39.477166270000097 ], [ -0.427241659999936, 39.477163698 ], [ -0.427248295999959, 39.476983668000102 ], [ -0.427132144999973, 39.476981096 ], [ -0.427135462999956, 39.476891081000097 ], [ -0.427019310999924, 39.47688851 ], [ -0.427025947999937, 39.476708479 ], [ -0.426909796999951, 39.476705908 ], [ -0.426913114999934, 39.476615893 ], [ -0.426796964999937, 39.476613321000102 ], [ -0.42680360199995, 39.47643329 ], [ -0.426687450999964, 39.476430719000099 ], [ -0.426694088999966, 39.4762506880001 ], [ -0.42657793799998, 39.4762481160001 ], [ -0.426578568999957, 39.476230991000101 ], [ -0.426584575999925, 39.476068086000097 ], [ -0.426468425999929, 39.476065514 ], [ -0.426475063999931, 39.475885484000102 ], [ -0.426358913999934, 39.475882912 ], [ -0.426362232999963, 39.475792896 ], [ -0.426246083999956, 39.475790324000101 ], [ -0.426252721999958, 39.475610294 ], [ -0.426138929999979, 39.475607773 ], [ -0.426136572999951, 39.475607721000102 ], [ -0.42613989299997, 39.475517706000097 ], [ -0.426023743999963, 39.475515134 ], [ -0.42602437499994, 39.475498034000097 ], [ -0.426030382999954, 39.475335104000102 ], [ -0.425916598999947, 39.475332583000103 ], [ -0.425914233999947, 39.475332531 ], [ -0.425914863999935, 39.475315438000102 ], [ -0.425920872999939, 39.475152501 ] ] ] } },
{ "type": "Feature", "properties": { "ObjectId": 833, "Shape__Area": 14084.195251464844, "Shape__Length": 980.03381859891067, "area": 0.838167, "det_method": "Semi-automatic extraction", "dmg_src_id": 3, "event_type": "5-Flood", "notation": "Flooded area", "obj_desc": "Flash flood", "reference": "exact_time", "label": "Operational-product agreement" }, "geometry": { "type": "Polygon", "coordinates": [ [ [ -0.423010458999954, 39.472188162000101 ], [ -0.423017104999929, 39.472008138 ], [ -0.42278482699993, 39.472002987000103 ], [ -0.422793018999926, 39.471781103000097 ], [ -0.42281141199993, 39.471282893000101 ], [ -0.422579135999968, 39.471277742 ], [ -0.422598450999942, 39.470754609 ], [ -0.422712105999949, 39.47075713 ], [ -0.422705459999975, 39.470937160000098 ], [ -0.422821600999953, 39.470939735000101 ], [ -0.422818277999966, 39.471029750000099 ], [ -0.422934418999944, 39.471032326000099 ], [ -0.422931095999957, 39.471122341000097 ], [ -0.423047237999924, 39.4711249160001 ], [ -0.423037268999963, 39.471394961 ], [ -0.42315341099993, 39.471397536 ], [ -0.423150087999943, 39.471487551000102 ], [ -0.423266230999957, 39.471490126 ], [ -0.423259584999926, 39.471670156000101 ], [ -0.423375727999939, 39.471672731000098 ], [ -0.423369082999955, 39.471852761 ], [ -0.423485224999979, 39.471855336 ], [ -0.423478580999927, 39.4720353660001 ], [ -0.42359472399994, 39.472037941000103 ], [ -0.423591401999943, 39.472127956000101 ], [ -0.423707544999957, 39.472130531000097 ], [ -0.423700899999972, 39.472310561 ], [ -0.423817043999975, 39.472313135 ], [ -0.423810399999979, 39.472493165000103 ], [ -0.423926543999926, 39.472495740000099 ], [ -0.423923221999928, 39.472585755000097 ], [ -0.424039365999931, 39.472588329000097 ], [ -0.424032721999936, 39.472768359 ], [ -0.424148866999928, 39.472770934 ], [ -0.424142851999932, 39.472933951000101 ], [ -0.423680717999957, 39.472923707000099 ], [ -0.423700650999933, 39.472383636000103 ], [ -0.423236091999968, 39.472373336 ], [ -0.423242736999953, 39.472193312000101 ], [ -0.423093521999931, 39.472190004 ], [ -0.423010458999954, 39.472188162000101 ] ] ] } },
{ "type": "Feature", "properties": { "ObjectId": 834, "Shape__Area": 6087.2093505859375, "Shape__Length": 513.16769762104377, "area": 0.36224, "det_method": "Semi-automatic extraction", "dmg_src_id": 3, "event_type": "5-Flood", "notation": "Flooded area", "obj_desc": "Flash flood", "reference": "exact_time", "label": "Operational-product agreement" }, "geometry": { "type": "Polygon", "coordinates": [ [ [ -0.424364276999938, 39.473299201 ], [ -0.424131993999936, 39.473294052 ], [ -0.424144652999928, 39.472951018000103 ], [ -0.424258367999926, 39.472953538000098 ], [ -0.424255046999974, 39.473043553 ], [ -0.424371190999977, 39.473046127 ], [ -0.424364548999961, 39.473226157000099 ], [ -0.424480693999953, 39.473228731000098 ], [ -0.424477372999945, 39.473318746000103 ], [ -0.424593517999938, 39.47332132 ], [ -0.424586875999978, 39.47350135 ], [ -0.424703020999971, 39.473503924000099 ], [ -0.424696378999954, 39.473683954000101 ], [ -0.424812524999936, 39.473686528 ], [ -0.424809203999928, 39.473776543 ], [ -0.424925349999967, 39.473779117 ], [ -0.42491870899994, 39.473959147000102 ], [ -0.425034854999979, 39.47396172 ], [ -0.425032162999969, 39.474034685 ], [ -0.42433770599996, 39.474019296000101 ], [ -0.424342772999978, 39.4738819720001 ], [ -0.424364276999938, 39.473299201 ] ] ] } },
{ "type": "Feature", "properties": { "ObjectId": 835, "Shape__Area": 5747.9754791259766, "Shape__Length": 539.14540273699481, "area": 0.342041, "det_method": "Semi-automatic extraction", "dmg_src_id": 3, "event_type": "5-Flood", "notation": "Flooded area", "obj_desc": "Flash flood", "reference": "exact_time", "label": "Operational-product agreement" }, "geometry": { "type": "Polygon", "coordinates": [ [ [ -0.425007995999977, 39.474754834000102 ], [ -0.425030610999954, 39.474141803000101 ], [ -0.42514436099998, 39.4741443240001 ], [ -0.425141039999971, 39.474234339000098 ], [ -0.425257186999943, 39.474236912 ], [ -0.425250545999972, 39.474416942000097 ], [ -0.425366692999944, 39.474419516000097 ], [ -0.425360052999963, 39.474599546 ], [ -0.425476199999935, 39.474602119000103 ], [ -0.425472879999973, 39.474692134000101 ], [ -0.425589027999933, 39.474694707 ], [ -0.425582387999953, 39.4748747370001 ], [ -0.42569853599997, 39.474877310000103 ], [ -0.425691895999933, 39.47505734 ], [ -0.42580804399995, 39.475059913000102 ], [ -0.425804724999978, 39.4751499280001 ], [ -0.425920872999939, 39.475152501 ], [ -0.425914863999935, 39.475315438000102 ], [ -0.42568493999994, 39.475310344 ], [ -0.425691579999977, 39.475130320000098 ], [ -0.425459290999925, 39.475125175000102 ], [ -0.425465930999962, 39.474945151 ], [ -0.425233642999956, 39.474940004000103 ], [ -0.425240283999926, 39.47475998 ], [ -0.425013935999971, 39.474754966 ], [ -0.425007995999977, 39.474754834000102 ] ] ] } },
{ "type": "Feature", "properties": { "ObjectId": 307, "Shape__Area": 4703.5696258544922, "Shape__Length": 388.56833396893921, "area": 0.279887, "det_method": "Semi-automatic extraction", "dmg_src_id": 3, "event_type": "5-Flood", "notation": "Flooded area", "obj_desc": "Flash flood", "reference": "exact_time", "label": "Operational-product agreement" }, "geometry": { "type": "Polygon", "coordinates": [ [ [ -0.430095598999969, 39.475425074 ], [ -0.43044404699998, 39.475432779000101 ], [ -0.430447360999949, 39.475342764000096 ], [ -0.430563509999956, 39.475345332000103 ], [ -0.430566823999925, 39.475255317000098 ], [ -0.430682972999932, 39.475257885000097 ], [ -0.430686285999968, 39.475167869000103 ], [ -0.430918583999926, 39.475173005 ], [ -0.430915270999947, 39.475263020000099 ], [ -0.431031419999954, 39.475265588000099 ], [ -0.431024793999939, 39.475445619 ], [ -0.431140942999946, 39.475448186000101 ], [ -0.431137630999956, 39.475538202000102 ], [ -0.431253779999963, 39.475540769000098 ], [ -0.431250466999927, 39.475630785000099 ], [ -0.430321269999979, 39.475610242000101 ], [ -0.430324583999948, 39.4755202260001 ], [ -0.430092284999944, 39.475515089000098 ], [ -0.430095598999969, 39.475425074 ] ] ] } },
{ "type": "Feature", "properties": { "ObjectId": 306, "Shape__Area": 164329.08326721191, "Shape__Length": 4119.7444889128692, "area": 9.776109, "det_method": "Semi-automatic extraction", "dmg_src_id": 3, "event_type": "5-Flood", "notation": "Flooded area", "obj_desc": "Flash flood", "reference": "exact_time", "label": "Operational-product agreement" }, "geometry": { "type": "Polygon", "coordinates": [ [ [ -0.440663790999963, 39.485207706 ], [ -0.440667092999945, 39.48511769 ], [ -0.43985392899998, 39.485099778000098 ], [ -0.439857231999952, 39.485009762000097 ], [ -0.438813645999971, 39.484986765 ], [ -0.438695570999926, 39.484984163 ], [ -0.438696209999932, 39.484966746000097 ], [ -0.438698874999943, 39.484894147 ], [ -0.438584625999965, 39.484891628000099 ], [ -0.438352301999942, 39.484886507000098 ], [ -0.438234211999941, 39.4848839040001 ], [ -0.438237516999948, 39.484793888000098 ], [ -0.436961667999924, 39.484765754000101 ], [ -0.436959695999974, 39.484765711000101 ], [ -0.436956388999931, 39.484855727 ], [ -0.43672603899995, 39.484850646 ], [ -0.436491726999975, 39.4848454770001 ], [ -0.436489059999928, 39.484918076 ], [ -0.436488419999932, 39.484935493000101 ], [ -0.436025761999929, 39.484925285 ], [ -0.435561115999974, 39.484915033 ], [ -0.435559094999974, 39.484914988000099 ], [ -0.43555973499997, 39.48489757 ], [ -0.435562402999949, 39.484824972000098 ], [ -0.435213906999934, 39.484817281000097 ], [ -0.435217215999955, 39.484727265000103 ], [ -0.434984884999949, 39.484722137000098 ], [ -0.434985524999945, 39.484704726000103 ], [ -0.43498819399997, 39.484632121000097 ], [ -0.434755863999953, 39.484626993000099 ], [ -0.434759172999975, 39.484536977000097 ], [ -0.434526843999947, 39.484531848000103 ], [ -0.434530152999969, 39.484441833000098 ], [ -0.43406549499997, 39.484431573000101 ], [ -0.434068804999924, 39.484341558 ], [ -0.433952639999973, 39.484338993000101 ], [ -0.433955950999973, 39.484248977 ], [ -0.433839785999965, 39.484246412000097 ], [ -0.433843096999965, 39.484156397 ], [ -0.433726932999946, 39.4841538310001 ], [ -0.433730242999957, 39.484063816000102 ], [ -0.433381750999956, 39.484056119000101 ], [ -0.433385061999957, 39.483966104 ], [ -0.433268898999927, 39.483963538000097 ], [ -0.433272209999927, 39.483873522000103 ], [ -0.433039881999946, 39.483868390000097 ], [ -0.433043193999936, 39.483778375 ], [ -0.432810866999944, 39.483773243 ], [ -0.432814178999934, 39.483683227 ], [ -0.432698015999961, 39.483680661000101 ], [ -0.432701326999961, 39.483590646 ], [ -0.432585163999931, 39.4835880790001 ], [ -0.432588475999978, 39.483498064000102 ], [ -0.432356149999976, 39.483492930000097 ], [ -0.432359462999955, 39.483402915000099 ], [ -0.432243299999925, 39.483400348 ], [ -0.432246611999972, 39.483310333000098 ], [ -0.432130449999931, 39.483307766000102 ], [ -0.432133761999978, 39.483217751 ], [ -0.432017599999938, 39.483215184000102 ], [ -0.432020912999974, 39.4831251680001 ], [ -0.431904749999944, 39.483122601 ], [ -0.43190806299998, 39.483032586 ], [ -0.43179190099994, 39.483030019000097 ], [ -0.431798526999955, 39.482849988000098 ], [ -0.431682364999972, 39.482847421 ], [ -0.431685677999951, 39.482757405 ], [ -0.431569516999957, 39.482754838000098 ], [ -0.431572829999936, 39.482664822000103 ], [ -0.431456667999953, 39.482662255 ], [ -0.431459981999978, 39.48257224 ], [ -0.431343819999938, 39.482569672000103 ], [ -0.431347133999964, 39.482479657000098 ], [ -0.43123097299997, 39.482477089 ], [ -0.431234285999949, 39.482387073 ], [ -0.431118124999955, 39.482384506000102 ], [ -0.431124752999949, 39.482204475000103 ], [ -0.431008591999955, 39.482201907 ], [ -0.431011905999981, 39.482111892 ], [ -0.430895745999976, 39.482109324000099 ], [ -0.430899059999945, 39.482019308000098 ], [ -0.431015219999949, 39.482021876 ], [ -0.431018533999975, 39.481931861000099 ], [ -0.431134693999979, 39.481934429 ], [ -0.431138007999948, 39.481844414000101 ], [ -0.431370327999957, 39.481849549000103 ], [ -0.431373640999936, 39.481759534 ], [ -0.431605960999946, 39.481764669 ], [ -0.431609273999925, 39.481674653 ], [ -0.431725433999929, 39.481677221 ], [ -0.431728746999966, 39.481587205 ], [ -0.431961066999975, 39.481592340000098 ], [ -0.431964378999965, 39.481502324000097 ], [ -0.432196697999927, 39.481507458000102 ], [ -0.432186761999958, 39.481777504 ], [ -0.432302921999963, 39.481780071000102 ], [ -0.432299608999926, 39.4818700860001 ], [ -0.432531929999925, 39.481875220000099 ], [ -0.432528617999935, 39.481965235000096 ], [ -0.43264477799994, 39.481967802 ], [ -0.432641466999939, 39.482057817000097 ], [ -0.432757626999944, 39.482060383 ], [ -0.432754315999944, 39.482150399 ], [ -0.432870475999948, 39.482152965000097 ], [ -0.432867164999948, 39.482242980000102 ], [ -0.432983325999942, 39.482245546000101 ], [ -0.432980013999952, 39.482335562000102 ], [ -0.43321233599994, 39.482340694000101 ], [ -0.43320902499994, 39.482430709 ], [ -0.43332518699998, 39.482433275000098 ], [ -0.43332187599998, 39.482523290000103 ], [ -0.433438036999974, 39.482525856000102 ], [ -0.433434725999973, 39.482615872000103 ], [ -0.433550887999957, 39.482618437 ], [ -0.433547576999956, 39.482708453 ], [ -0.433734941999944, 39.482712590000098 ], [ -0.43377990099998, 39.482713583000098 ], [ -0.433776589999979, 39.4828035990001 ], [ -0.433892751999963, 39.482806164000102 ], [ -0.433889441999952, 39.482896180000097 ], [ -0.434121765999976, 39.48290131 ], [ -0.434118455999965, 39.4829913250001 ], [ -0.434350780999978, 39.482996455 ], [ -0.434347470999967, 39.48308647 ], [ -0.43446363299995, 39.483089035 ], [ -0.434457651999935, 39.483251706 ], [ -0.434457013999975, 39.483269066 ], [ -0.43445907499995, 39.483269112000102 ], [ -0.434573176999947, 39.483271631 ], [ -0.434576486999958, 39.483181615 ], [ -0.434692648999942, 39.483184180000102 ], [ -0.434689339999977, 39.483274195 ], [ -0.43480550299995, 39.483276760000102 ], [ -0.434802193999928, 39.483366775 ], [ -0.434918355999969, 39.483369339 ], [ -0.434915684999964, 39.483441988 ], [ -0.434911737999926, 39.48354937 ], [ -0.434913782999956, 39.483549415 ], [ -0.435608717999969, 39.483564753000103 ], [ -0.435605409999937, 39.483654769000097 ], [ -0.435721573999956, 39.483657333000103 ], [ -0.435714957999949, 39.483837364000102 ], [ -0.435831120999978, 39.483839927000098 ], [ -0.435834428999954, 39.4837499120001 ], [ -0.436066756999935, 39.483755038 ], [ -0.43606344899996, 39.483845053 ], [ -0.436295776999941, 39.4838501790001 ], [ -0.436292469999955, 39.483940195000102 ], [ -0.436873289999937, 39.4839530080001 ], [ -0.436869982999951, 39.484043023 ], [ -0.43698614799996, 39.484045586 ], [ -0.436989453999956, 39.48395557 ], [ -0.437802602999966, 39.483973502 ], [ -0.437799297999959, 39.484063518 ], [ -0.437915461999978, 39.484066079000101 ], [ -0.437918766999928, 39.4839760630001 ], [ -0.438034931999937, 39.483978624 ], [ -0.43802832199998, 39.484158656 ], [ -0.438492979999978, 39.484168899000103 ], [ -0.438489674999971, 39.484258915000098 ], [ -0.43860583999998, 39.484261476 ], [ -0.43860914499993, 39.48417146 ], [ -0.438725308999949, 39.484174020000097 ], [ -0.438722004999931, 39.484264036000098 ], [ -0.439070498999968, 39.484271717000098 ], [ -0.439067195999939, 39.4843617330001 ], [ -0.440809671999943, 39.4844001210001 ], [ -0.440806370999951, 39.484490137000101 ], [ -0.44092253599996, 39.484492695 ], [ -0.440922121999961, 39.48450397 ], [ -0.440915932999928, 39.484672727 ], [ -0.441032098999926, 39.484675285 ], [ -0.441028797999934, 39.484765301 ], [ -0.441144962999942, 39.484767859 ], [ -0.44114166199995, 39.484857875 ], [ -0.441257827999948, 39.484860433000101 ], [ -0.441251225999963, 39.485040465000097 ], [ -0.44136739299995, 39.485043023000102 ], [ -0.441360790999966, 39.485223055000098 ], [ -0.441476956999963, 39.485225613000097 ], [ -0.441470355999968, 39.4854056450001 ], [ -0.441702689999943, 39.48541076 ], [ -0.44169938899995, 39.485500776 ], [ -0.441815555999938, 39.485503334 ], [ -0.441812255999935, 39.48559335 ], [ -0.441463753999926, 39.485585677000103 ], [ -0.441467054999976, 39.485495661000101 ], [ -0.441234720999944, 39.485490545000097 ], [ -0.441238021999936, 39.485400529000103 ], [ -0.441121854999949, 39.485397971000097 ], [ -0.44112845799998, 39.485217939000101 ], [ -0.440665634999959, 39.485207747000103 ], [ -0.440663790999963, 39.485207706 ] ], [ [ -0.434078734999957, 39.484071511 ], [ -0.434082044999968, 39.483981496000098 ], [ -0.434198208999931, 39.4839840610001 ], [ -0.434204828999952, 39.48380403 ], [ -0.43408866599998, 39.483801465000099 ], [ -0.434098595999956, 39.483531418 ], [ -0.433866269999953, 39.4835262880001 ], [ -0.433869579999964, 39.483436273000102 ], [ -0.433404927999959, 39.483426011000098 ], [ -0.433391683999957, 39.483786073 ], [ -0.433507847999977, 39.4837886380001 ], [ -0.433504536999976, 39.483878654000101 ], [ -0.433620700999938, 39.483881219000097 ], [ -0.433617389999938, 39.483971235000098 ], [ -0.433849717999976, 39.483976366 ], [ -0.433846406999976, 39.484066381 ], [ -0.434078734999957, 39.484071511 ] ] ] } },
{ "type": "Feature", "properties": { "ObjectId": 331, "Shape__Area": 202428.80810546875, "Shape__Length": 3628.7562672166555, "area": 12.05486, "det_method": "Semi-automatic extraction", "dmg_src_id": 3, "event_type": "5-Flood", "notation": "Flooded area", "obj_desc": "Flash flood", "reference": "exact_time", "label": "Operational-product agreement" }, "geometry": { "type": "Polygon", "coordinates": [ [ [ -0.409104930999945, 39.452166591 ], [ -0.408988821999969, 39.4521640030001 ], [ -0.408992160999958, 39.452073988000102 ], [ -0.408876052999972, 39.452071400000101 ], [ -0.408882729999959, 39.451891372 ], [ -0.408766621999973, 39.451888783000101 ], [ -0.40877329999995, 39.451708755 ], [ -0.408657191999964, 39.4517061660001 ], [ -0.408660530999953, 39.451616152 ], [ -0.408544422999967, 39.451613563000102 ], [ -0.408551101999933, 39.451433535 ], [ -0.408434993999947, 39.451430946000102 ], [ -0.408438333999925, 39.4513409320001 ], [ -0.408322225999939, 39.451338343 ], [ -0.408328904999962, 39.451158314000097 ], [ -0.408212797999965, 39.451155725 ], [ -0.408219476999932, 39.450975697 ], [ -0.408103370999925, 39.450973108 ], [ -0.408110049999948, 39.45079308 ], [ -0.407993943999941, 39.45079049 ], [ -0.407997283999975, 39.450700476000101 ], [ -0.407881177999968, 39.450697887 ], [ -0.407887856999935, 39.450517858000097 ], [ -0.407771751999974, 39.4505152690001 ], [ -0.407775091999952, 39.450425255 ], [ -0.407658985999944, 39.450422665000097 ], [ -0.407665665999957, 39.450242637 ], [ -0.407549560999939, 39.450240047000101 ], [ -0.407556241999941, 39.450060019 ], [ -0.40744013699998, 39.450057429 ], [ -0.407446816999936, 39.449877401 ], [ -0.407330712999965, 39.449874811 ], [ -0.407334052999943, 39.449784797000099 ], [ -0.407217948999971, 39.449782207000098 ], [ -0.407224629999973, 39.449602179000102 ], [ -0.407108525999945, 39.449599589000101 ], [ -0.407111866999969, 39.449509575 ], [ -0.406995761999951, 39.449506985 ], [ -0.407002443999943, 39.449326956 ], [ -0.406886340999961, 39.449324366 ], [ -0.406893022999952, 39.449144338000103 ], [ -0.406776918999924, 39.449141747000098 ], [ -0.406783601999962, 39.448961719000103 ], [ -0.406667497999933, 39.448959129000102 ], [ -0.406670839999947, 39.448869115 ], [ -0.406554736999965, 39.448866524 ], [ -0.406561419999946, 39.4486864960001 ], [ -0.406445316999964, 39.448683905000102 ], [ -0.406448658999977, 39.448593891 ], [ -0.406332555999938, 39.4485913 ], [ -0.406339238999976, 39.448411272 ], [ -0.406223136999927, 39.448408681 ], [ -0.406229820999954, 39.448228653000101 ], [ -0.406113718999961, 39.448226062000103 ], [ -0.406120402999932, 39.4480460340001 ], [ -0.406004300999939, 39.448043443000103 ], [ -0.406007642999953, 39.447953429000101 ], [ -0.405891541999949, 39.447950838000096 ], [ -0.405894883999963, 39.447860824 ], [ -0.40577878299996, 39.447858232 ], [ -0.405788809999933, 39.44758819 ], [ -0.40567270899993, 39.447585599 ], [ -0.405676050999944, 39.447495585000098 ], [ -0.40555995099993, 39.447492993 ], [ -0.405566635999946, 39.447312965 ], [ -0.405450534999943, 39.447310374 ], [ -0.405453877999946, 39.447220360000102 ], [ -0.405337777999932, 39.447217768 ], [ -0.405344463999938, 39.44703774 ], [ -0.405228363999925, 39.447035148000097 ], [ -0.405235049999931, 39.446855120000102 ], [ -0.405118949999974, 39.4468525280001 ], [ -0.405122292999977, 39.446762514000099 ], [ -0.405006193999952, 39.446759922000098 ], [ -0.405012879999958, 39.446579894 ], [ -0.404896780999934, 39.446577302 ], [ -0.404900123999937, 39.4464872880001 ], [ -0.404784025999959, 39.446484696 ], [ -0.404790711999965, 39.446304668 ], [ -0.40467461399993, 39.446302075000098 ], [ -0.404677956999933, 39.446212061 ], [ -0.404561858999955, 39.446209469000102 ], [ -0.40456854599995, 39.4460294410001 ], [ -0.404452447999972, 39.446026849000098 ], [ -0.404459135999957, 39.445846821 ], [ -0.404343037999979, 39.445844228000098 ], [ -0.404346381999972, 39.445754214 ], [ -0.404230283999937, 39.445751621000099 ], [ -0.404233627999929, 39.445661607 ], [ -0.40411753099994, 39.4456590140001 ], [ -0.404124218999925, 39.445478986000097 ], [ -0.404008121999937, 39.445476394 ], [ -0.404011466999975, 39.445386380000102 ], [ -0.40389536999993, 39.445383787 ], [ -0.403902058999961, 39.445203759 ], [ -0.403785961999972, 39.445201166000103 ], [ -0.403789305999965, 39.445111152 ], [ -0.403673209999965, 39.445108558000101 ], [ -0.403676554999947, 39.445018544 ], [ -0.403560457999959, 39.445015951000101 ], [ -0.403567147999979, 39.444835923 ], [ -0.405540782999935, 39.444879994000097 ], [ -0.405534097999976, 39.445060022000099 ], [ -0.405650194999964, 39.445062613000097 ], [ -0.405643509999948, 39.445242642 ], [ -0.405759606999936, 39.445245233 ], [ -0.405752922999966, 39.445425261 ], [ -0.405869019999955, 39.445427852000101 ], [ -0.40586567899993, 39.445517866 ], [ -0.405981775999976, 39.445520457 ], [ -0.405975091999949, 39.445700486000099 ], [ -0.406091189999927, 39.445703077000097 ], [ -0.406084506999946, 39.4458831050001 ], [ -0.406200604999924, 39.445885696000097 ], [ -0.406197262999967, 39.44597571 ], [ -0.406313360999945, 39.445978301 ], [ -0.406310019999978, 39.446068315 ], [ -0.406426117999956, 39.446070905000099 ], [ -0.406419435999965, 39.446250934 ], [ -0.406535533999943, 39.446253524 ], [ -0.40652216899997, 39.446613581000101 ], [ -0.406754367999952, 39.446618762000099 ], [ -0.406751026999927, 39.446708776 ], [ -0.406867125999952, 39.446711366 ], [ -0.40686044499995, 39.446891394 ], [ -0.406976544999964, 39.446893984 ], [ -0.406973203999939, 39.446983999000103 ], [ -0.407089303999953, 39.446986589000097 ], [ -0.407082622999951, 39.4471666170001 ], [ -0.407198722999965, 39.447169207000101 ], [ -0.407195381999941, 39.447259221 ], [ -0.407311482999944, 39.447261811 ], [ -0.407304801999942, 39.447441839000099 ], [ -0.407420902999945, 39.447444429 ], [ -0.407414222999932, 39.447624457000103 ], [ -0.407530323999936, 39.447627047 ], [ -0.407526983999958, 39.447717061 ], [ -0.407643084999961, 39.447719651000099 ], [ -0.407636404999948, 39.447899679 ], [ -0.407752505999952, 39.447902268000099 ], [ -0.407749166999963, 39.447992283000097 ], [ -0.407865267999966, 39.447994872 ], [ -0.407858588999943, 39.4481749 ], [ -0.407974690999936, 39.44817749 ], [ -0.407968011999969, 39.448357518000101 ], [ -0.408084113999962, 39.448360107 ], [ -0.408080774999974, 39.4484501210001 ], [ -0.408196876999966, 39.44845271 ], [ -0.408190197999943, 39.448632739000097 ], [ -0.408306300999925, 39.448635328000101 ], [ -0.408299622999948, 39.448815356000097 ], [ -0.40841572599993, 39.448817945 ], [ -0.408412386999942, 39.448907959000103 ], [ -0.408528489999981, 39.4489105480001 ], [ -0.408521811999947, 39.449090576000103 ], [ -0.408637915999975, 39.4490931650001 ], [ -0.408631237999941, 39.449273193000103 ], [ -0.40874734199997, 39.449275782 ], [ -0.408744002999924, 39.449365796000102 ], [ -0.408860106999953, 39.449368385000099 ], [ -0.408853429999965, 39.449548413000102 ], [ -0.408969534999926, 39.449551001 ], [ -0.408966195999938, 39.449641016 ], [ -0.409082300999955, 39.449643604000102 ], [ -0.409075623999968, 39.449823632000097 ], [ -0.409191728999929, 39.449826221000102 ], [ -0.409185052999931, 39.450006249000097 ], [ -0.409301157999948, 39.450008837 ], [ -0.40929448199995, 39.450188866000097 ], [ -0.409410586999968, 39.450191454 ], [ -0.409407248999969, 39.450281468000099 ], [ -0.409523354999976, 39.450284056 ], [ -0.409516678999978, 39.450464084 ], [ -0.409632784999928, 39.450466672000097 ], [ -0.409629446999929, 39.450556686 ], [ -0.409745552999937, 39.450559274000099 ], [ -0.409738877999928, 39.450739302 ], [ -0.409854984999924, 39.450741890000103 ], [ -0.409848309999973, 39.450921918000098 ], [ -0.40996441599998, 39.450924506 ], [ -0.409954403999961, 39.451194549 ], [ -0.410070511999947, 39.451197136000097 ], [ -0.410067173999948, 39.45128715 ], [ -0.410183281999934, 39.451289737 ], [ -0.410169932999963, 39.451649795 ], [ -0.410053824999977, 39.451647208000097 ], [ -0.410050487999968, 39.451737222000098 ], [ -0.409934379999925, 39.451734634 ], [ -0.409931042999972, 39.451824649000102 ], [ -0.409698825999953, 39.451819474 ], [ -0.409692150999945, 39.451999502 ], [ -0.409576041999969, 39.451996915000102 ], [ -0.40957270399997, 39.452086929000103 ], [ -0.409456594999938, 39.452084341 ], [ -0.409453256999939, 39.452174355000103 ], [ -0.409221039999977, 39.452169179000101 ], [ -0.409217700999932, 39.452259193 ], [ -0.409101592999946, 39.452256605000102 ], [ -0.409104930999945, 39.452166591 ] ] ] } },
{ "type": "Feature", "properties": { "ObjectId": 423, "Shape__Area": 6533.6554107666016, "Shape__Length": 388.2487368135167, "area": 0.389861, "det_method": "Semi-automatic extraction", "dmg_src_id": 3, "event_type": "5-Flood", "notation": "Flooded area", "obj_desc": "Flash flood", "reference": "exact_time", "label": "Operational-product agreement" }, "geometry": { "type": "Polygon", "coordinates": [ [ [ -0.483681348999937, 39.378669918000099 ], [ -0.483565354999939, 39.378667408000098 ], [ -0.483575057999929, 39.378397347 ], [ -0.483691050999937, 39.378399857 ], [ -0.483694284999956, 39.378309836 ], [ -0.483926270999973, 39.378314856 ], [ -0.483929504999935, 39.378224835 ], [ -0.484393476999969, 39.378234873000103 ], [ -0.484383776999948, 39.378504935000102 ], [ -0.48426778399994, 39.3785024250001 ], [ -0.484264549999978, 39.378592446 ], [ -0.484380543999976, 39.378594955 ], [ -0.484377310999946, 39.378684976 ], [ -0.484261316999948, 39.378682467 ], [ -0.484258083999975, 39.378772487 ], [ -0.484142089999978, 39.378769978 ], [ -0.484138855999959, 39.378859998000102 ], [ -0.483674880999956, 39.37884996 ], [ -0.483681348999937, 39.378669918000099 ] ] ] } },
{ "type": "Feature", "properties": { "ObjectId": 422, "Shape__Area": 9047.1230010986328, "Shape__Length": 414.40684007271506, "area": 0.539809, "det_method": "Semi-automatic extraction", "dmg_src_id": 3, "event_type": "5-Flood", "notation": "Flooded area", "obj_desc": "Flash flood", "reference": "exact_time", "label": "Operational-product agreement" }, "geometry": { "type": "Polygon", "coordinates": [ [ [ -0.485227688999942, 39.380865543 ], [ -0.485111690999929, 39.3808630340001 ], [ -0.485118155999942, 39.3806829930001 ], [ -0.485002158999976, 39.380680484 ], [ -0.485024786999929, 39.380050339 ], [ -0.485604767999973, 39.3800628810001 ], [ -0.485601535999933, 39.380152902000098 ], [ -0.485717531999967, 39.38015541 ], [ -0.485691677999966, 39.380875576000101 ], [ -0.485575680999943, 39.380873068 ], [ -0.48557244899996, 39.380963088 ], [ -0.485224455999969, 39.380955563 ], [ -0.485227688999942, 39.380865543 ] ] ] } },
{ "type": "Feature", "properties": { "ObjectId": 337, "Shape__Area": 12923.515502929688, "Shape__Length": 544.17241308924088, "area": 0.769747, "det_method": "Semi-automatic extraction", "dmg_src_id": 3, "event_type": "5-Flood", "notation": "Flooded area", "obj_desc": "Flash flood", "reference": "exact_time", "label": "Operational-product agreement" }, "geometry": { "type": "Polygon", "coordinates": [ [ [ -0.511625515999924, 39.441613893000103 ], [ -0.511857716999941, 39.441618863 ], [ -0.511854511999957, 39.441708885 ], [ -0.511970611999971, 39.4417113700001 ], [ -0.511967406999929, 39.441801392000102 ], [ -0.512199608999936, 39.441806361 ], [ -0.512197843999957, 39.441855945 ], [ -0.512196403999951, 39.441896383 ], [ -0.512312504999954, 39.441898868000102 ], [ -0.512309300999959, 39.4419888890001 ], [ -0.512425401999963, 39.441991374000096 ], [ -0.512422196999978, 39.442081395000102 ], [ -0.512538298999971, 39.44208388 ], [ -0.512519072999964, 39.44262401 ], [ -0.51217076699993, 39.442616556000097 ], [ -0.512173970999925, 39.442526534000102 ], [ -0.511941766999939, 39.442521564000103 ], [ -0.511944971999981, 39.442431542000101 ], [ -0.511596666999935, 39.442424087000099 ], [ -0.511599871999977, 39.442334065000097 ], [ -0.511367668999981, 39.442329094000101 ], [ -0.511390108999933, 39.441698943000098 ], [ -0.51162230999995, 39.441703914000101 ], [ -0.51162377199995, 39.441662853 ], [ -0.511625515999924, 39.441613893000103 ] ] ] } },
{ "type": "Feature", "properties": { "ObjectId": 334, "Shape__Area": 9231.7382049560547, "Shape__Length": 544.29567207360253, "area": 0.549817, "det_method": "Semi-automatic extraction", "dmg_src_id": 3, "event_type": "5-Flood", "notation": "Flooded area", "obj_desc": "Flash flood", "reference": "exact_time", "label": "Operational-product agreement" }, "geometry": { "type": "Polygon", "coordinates": [ [ [ -0.508475318999956, 39.4452401080001 ], [ -0.508359212999949, 39.4452376200001 ], [ -0.508365631999936, 39.4450575770001 ], [ -0.508249526999975, 39.445055088000103 ], [ -0.508262366999929, 39.444695003 ], [ -0.508494576999965, 39.444699981 ], [ -0.508497786999953, 39.444609959 ], [ -0.508381681999936, 39.444607471 ], [ -0.508384891999924, 39.444517449 ], [ -0.508268786999963, 39.444514961 ], [ -0.50827520699994, 39.444334918 ], [ -0.508507415999929, 39.444339896 ], [ -0.508510625999975, 39.444249874 ], [ -0.508742834999964, 39.444254851 ], [ -0.508739625999965, 39.444344873 ], [ -0.508971834999954, 39.444349849 ], [ -0.508962207999957, 39.444619913000103 ], [ -0.509078312999975, 39.444622401000103 ], [ -0.509075103999976, 39.444712422000102 ], [ -0.508958998999958, 39.444709934000102 ], [ -0.508952579999971, 39.444889977000102 ], [ -0.508836474999953, 39.444887489000102 ], [ -0.508823636999978, 39.445247574000099 ], [ -0.508591424999963, 39.445242597000103 ], [ -0.508588214999975, 39.445332618000101 ], [ -0.508472108999968, 39.445330130000102 ], [ -0.508475318999956, 39.4452401080001 ] ] ] } },
{ "type": "Feature", "properties": { "ObjectId": 335, "Shape__Area": 33570.104248046875, "Shape__Length": 1373.1538851818748, "area": 1.999341, "det_method": "Semi-automatic extraction", "dmg_src_id": 3, "event_type": "5-Flood", "notation": "Flooded area", "obj_desc": "Flash flood", "reference": "exact_time", "label": "Operational-product agreement" }, "geometry": { "type": "Polygon", "coordinates": [ [ [ -0.511606984999958, 39.445397282 ], [ -0.511490877999961, 39.445394797000098 ], [ -0.51148767199993, 39.445484818000097 ], [ -0.51137156599998, 39.445482332 ], [ -0.511374771999954, 39.445392311 ], [ -0.51079423799996, 39.445379880000097 ], [ -0.51079744499998, 39.445289859000098 ], [ -0.510681338999973, 39.445287373 ], [ -0.510684545999936, 39.445197351 ], [ -0.51056843899994, 39.445194865000097 ], [ -0.510571646999949, 39.445104843 ], [ -0.510339433999945, 39.44509987 ], [ -0.510336226999925, 39.445189891 ], [ -0.510220120999975, 39.445187404000102 ], [ -0.510216912999965, 39.445277426000096 ], [ -0.510100806999958, 39.4452749390001 ], [ -0.510097598999948, 39.445364960000099 ], [ -0.509981491999952, 39.445362473 ], [ -0.509978284999931, 39.445452494000101 ], [ -0.509746070999938, 39.445447520000101 ], [ -0.509755695999957, 39.445177456000103 ], [ -0.509987907999971, 39.44518243 ], [ -0.509991115999981, 39.445092409 ], [ -0.510107221999931, 39.4450948960001 ], [ -0.510110429999941, 39.445004874000098 ], [ -0.510226535999948, 39.445007361000101 ], [ -0.510229742999968, 39.444917340000103 ], [ -0.510345848999975, 39.444919827 ], [ -0.510352263999948, 39.444739784 ], [ -0.510468368999966, 39.444742271000102 ], [ -0.510471576999976, 39.4446522490001 ], [ -0.510587681999937, 39.444654736000103 ], [ -0.510590888999957, 39.444564715000098 ], [ -0.510706993999975, 39.444567201 ], [ -0.510713407999958, 39.444387158 ], [ -0.510829512999976, 39.444389645000101 ], [ -0.510832719999939, 39.444299623000099 ], [ -0.511181033999947, 39.444307081 ], [ -0.511177827999973, 39.444397103 ], [ -0.511293932999934, 39.444399589000099 ], [ -0.511297138999964, 39.444309567000097 ], [ -0.511413243999925, 39.444312053 ], [ -0.511416449999956, 39.444222032 ], [ -0.511184239999977, 39.44421706 ], [ -0.511187446999941, 39.444127038 ], [ -0.511535759999958, 39.444134496000103 ], [ -0.511538965999932, 39.444044474000101 ], [ -0.511771174999978, 39.444049445000097 ], [ -0.511774379999963, 39.443959424000099 ], [ -0.512006588999952, 39.443964394 ], [ -0.512003383999968, 39.444054415 ], [ -0.512119488999929, 39.444056901000103 ], [ -0.512116283999944, 39.444146922000101 ], [ -0.512232387999973, 39.444149407000097 ], [ -0.512229182999931, 39.444239429 ], [ -0.512345287999949, 39.444241913 ], [ -0.512338878999969, 39.444421957 ], [ -0.512222773999952, 39.444419472 ], [ -0.512216363999926, 39.444599515 ], [ -0.512100257999975, 39.444597030000097 ], [ -0.51209384799995, 39.444777073000097 ], [ -0.511977741999942, 39.444774588 ], [ -0.511974536999958, 39.444864609 ], [ -0.512090642999965, 39.444867094000102 ], [ -0.51208743799998, 39.444957116000097 ], [ -0.511971331999973, 39.444954631 ], [ -0.511964920999958, 39.445134674 ], [ -0.511848814999951, 39.445132189 ], [ -0.511845609999966, 39.445222210000097 ], [ -0.51172950299997, 39.445219725000101 ], [ -0.511726296999939, 39.445309746000099 ], [ -0.511842403999935, 39.445312232 ], [ -0.511839198999951, 39.445402253000097 ], [ -0.512071411999955, 39.4454072240001 ], [ -0.51206820699997, 39.445497245000098 ], [ -0.511952099999974, 39.44549476 ], [ -0.511948894999932, 39.445584781 ], [ -0.511832787999936, 39.445582296000097 ], [ -0.511829581999962, 39.445672318 ], [ -0.511597367999968, 39.445667347 ], [ -0.511606984999958, 39.445397282 ] ] ] } },
{ "type": "Feature", "properties": { "ObjectId": 333, "Shape__Area": 4699.7977600097656, "Shape__Length": 362.65619601926522, "area": 0.279907, "det_method": "Semi-automatic extraction", "dmg_src_id": 3, "event_type": "5-Flood", "notation": "Flooded area", "obj_desc": "Flash flood", "reference": "exact_time", "label": "Operational-product agreement" }, "geometry": { "type": "Polygon", "coordinates": [ [ [ -0.507439996999949, 39.444947642 ], [ -0.507207785999924, 39.444942662000102 ], [ -0.507210996999959, 39.444852641000097 ], [ -0.507094891999941, 39.444850151 ], [ -0.507098102999976, 39.444760130000098 ], [ -0.507214208999926, 39.444762620000098 ], [ -0.507217419999961, 39.4446725990001 ], [ -0.507333524999979, 39.444675089 ], [ -0.507336735999957, 39.444585067 ], [ -0.507685050999953, 39.444592536000101 ], [ -0.50767862999993, 39.444772579000102 ], [ -0.507794734999948, 39.444775068000098 ], [ -0.507797945999926, 39.4446850470001 ], [ -0.508030155999961, 39.444690025000099 ], [ -0.508020524999949, 39.444960089000098 ], [ -0.507904419999932, 39.444957600000102 ], [ -0.507901208999954, 39.4450476210001 ], [ -0.507436785999971, 39.4450376630001 ], [ -0.507439996999949, 39.444947642 ] ] ] } },
{ "type": "Feature", "properties": { "ObjectId": 319, "Shape__Area": 9405.3106994628906, "Shape__Length": 492.41472047082988, "area": 0.55981, "det_method": "Semi-automatic extraction", "dmg_src_id": 3, "event_type": "5-Flood", "notation": "Flooded area", "obj_desc": "Flash flood", "reference": "exact_time", "label": "Operational-product agreement" }, "geometry": { "type": "Polygon", "coordinates": [ [ [ -0.498993937999956, 39.466658049 ], [ -0.498413232999951, 39.466645551000099 ], [ -0.498416457999951, 39.466555531 ], [ -0.498184176999928, 39.466550531000102 ], [ -0.498190627999975, 39.466370491000099 ], [ -0.498306767999964, 39.4663729910001 ], [ -0.498319669999944, 39.466012910000103 ], [ -0.498551948999932, 39.466017909000101 ], [ -0.498548723999932, 39.466107929 ], [ -0.498897143999955, 39.466115428000101 ], [ -0.498893919999944, 39.466205448 ], [ -0.499126199999978, 39.466210447 ], [ -0.499129423999932, 39.466120426 ], [ -0.499245563999978, 39.466122926 ], [ -0.499242339999967, 39.466212946 ], [ -0.499358480999945, 39.466215445 ], [ -0.499342360999947, 39.466665546000101 ], [ -0.499226219999969, 39.466663047000097 ], [ -0.499222994999968, 39.466753068000102 ], [ -0.498990712999955, 39.466748069000097 ], [ -0.498993937999956, 39.466658049 ] ] ] } },
{ "type": "Feature", "properties": { "ObjectId": 850, "Shape__Area": 135516.41696166992, "Shape__Length": 2331.0100230037865, "area": 8.077088, "det_method": "Semi-automatic extraction", "dmg_src_id": 4, "event_type": "5-Flood", "notation": "Flooded area", "obj_desc": "Flash flood", "reference": "exact_time", "label": "Operational-product agreement" }, "geometry": { "type": "Polygon", "coordinates": [ [ [ -0.552495995999948, 39.419133009000099 ], [ -0.552728120999973, 39.419137895000098 ], [ -0.552740720999964, 39.418777809000098 ], [ -0.552508595999939, 39.418772922000102 ], [ -0.552514895999934, 39.418592879000101 ], [ -0.552050648999966, 39.418583105 ], [ -0.552063251999925, 39.418223019 ], [ -0.552295373999925, 39.418227906 ], [ -0.552301673999978, 39.418047863 ], [ -0.552765917999977, 39.4180576360001 ], [ -0.552772216999927, 39.4178775930001 ], [ -0.553236459999937, 39.417887364000102 ], [ -0.553242757999953, 39.41770732 ], [ -0.553474878999964, 39.417712205 ], [ -0.553493770999978, 39.417172075000103 ], [ -0.553261651999946, 39.417167191 ], [ -0.55328054499995, 39.416627061 ], [ -0.553048427999954, 39.416622176 ], [ -0.553054725999971, 39.416442132 ], [ -0.553751075999969, 39.416456786 ], [ -0.553738482999961, 39.416816873000101 ], [ -0.554202718999932, 39.416826640000103 ], [ -0.55420901399998, 39.416646596000099 ], [ -0.554673248999961, 39.416656361 ], [ -0.554666954999959, 39.416836405 ], [ -0.554899073999934, 39.4168412860001 ], [ -0.554892779999932, 39.417021330000097 ], [ -0.555124898999964, 39.417026211000099 ], [ -0.555118605999951, 39.417206255000103 ], [ -0.555350724999926, 39.417211136 ], [ -0.555344432999959, 39.41739118 ], [ -0.55557655299998, 39.41739606 ], [ -0.555570260999957, 39.417576104 ], [ -0.555802381999968, 39.417580984 ], [ -0.555796090999934, 39.417761027 ], [ -0.556028211999944, 39.417765907 ], [ -0.556021920999967, 39.417945951 ], [ -0.556718287999956, 39.417960587 ], [ -0.556699419999973, 39.418500718000097 ], [ -0.556467295999937, 39.41849584 ], [ -0.556454715999962, 39.418855927 ], [ -0.556222590999937, 39.4188510480001 ], [ -0.556203718999939, 39.419391179000101 ], [ -0.555739464999931, 39.41938142 ], [ -0.555733173999954, 39.419561463 ], [ -0.555036791999953, 39.419546821 ], [ -0.555043084999966, 39.4193667770001 ], [ -0.554578831999947, 39.419357013000102 ], [ -0.554585126999939, 39.419176970000102 ], [ -0.554120874999967, 39.419167204000097 ], [ -0.554114578999929, 39.419347247000097 ], [ -0.553650326999957, 39.419337479 ], [ -0.553656623999927, 39.419157436 ], [ -0.55342449799997, 39.419152552000099 ], [ -0.553418199999953, 39.4193325950001 ], [ -0.552953947999924, 39.419322824000098 ], [ -0.552947648999975, 39.419502867000098 ], [ -0.552715521999971, 39.419497981000099 ], [ -0.552709221999976, 39.419678025000103 ], [ -0.552477094999972, 39.4196731380001 ], [ -0.552495995999948, 39.419133009000099 ] ] ] } },
{ "type": "Feature", "properties": { "ObjectId": 327, "Shape__Area": 8395.4251708984375, "Shape__Length": 517.90386104748814, "area": 0.499844, "det_method": "Semi-automatic extraction", "dmg_src_id": 3, "event_type": "5-Flood", "notation": "Flooded area", "obj_desc": "Flash flood", "reference": "exact_time", "label": "Operational-product agreement" }, "geometry": { "type": "Polygon", "coordinates": [ [ [ -0.529921619999925, 39.4565086550001 ], [ -0.529457112999978, 39.456498783 ], [ -0.529460296999957, 39.45640876 ], [ -0.529344170999934, 39.456406292000104 ], [ -0.52934735499997, 39.456316269000098 ], [ -0.529231227999958, 39.4563138010001 ], [ -0.529237596999963, 39.456133756 ], [ -0.529353722999929, 39.456136224 ], [ -0.529356906999965, 39.456046202 ], [ -0.529705284999977, 39.456053606000097 ], [ -0.529702101999931, 39.456143629000103 ], [ -0.530514984999968, 39.456160903000097 ], [ -0.530511801999978, 39.456250925000099 ], [ -0.530860181999969, 39.4562583270001 ], [ -0.53085699899998, 39.456348349000102 ], [ -0.530740872999957, 39.4563458820001 ], [ -0.530737689999967, 39.456435905 ], [ -0.530389309999975, 39.456428503 ], [ -0.530386126999929, 39.456518526 ], [ -0.53015387399995, 39.456513591 ], [ -0.53015069099996, 39.456603613 ], [ -0.529918436999935, 39.456598678 ], [ -0.529921619999925, 39.4565086550001 ] ] ] } },
{ "type": "Feature", "properties": { "ObjectId": 326, "Shape__Area": 8717.6937561035156, "Shape__Length": 466.42547067391359, "area": 0.518958, "det_method": "Semi-automatic extraction", "dmg_src_id": 3, "event_type": "5-Flood", "notation": "Flooded area", "obj_desc": "Flash flood", "reference": "exact_time", "label": "Operational-product agreement" }, "geometry": { "type": "Polygon", "coordinates": [ [ [ -0.571703470999978, 39.461443147000097 ], [ -0.571819608999931, 39.461445573 ], [ -0.571832128999972, 39.461085472 ], [ -0.571948266999925, 39.461087898000102 ], [ -0.571951396999964, 39.4609978720001 ], [ -0.572532086999956, 39.461010002000101 ], [ -0.572535215999949, 39.460919976000099 ], [ -0.572767491999969, 39.460924827 ], [ -0.572764362999976, 39.461014852000098 ], [ -0.572880500999929, 39.461017278 ], [ -0.572874243999934, 39.461197328 ], [ -0.572758104999934, 39.461194903 ], [ -0.572751847999939, 39.4613749540001 ], [ -0.57263570899994, 39.461372529000101 ], [ -0.572626321999962, 39.461642605000101 ], [ -0.572545023999965, 39.461640907000103 ], [ -0.572545962999925, 39.461613899 ], [ -0.572371754999949, 39.461610261 ], [ -0.572372693999966, 39.4615832530001 ], [ -0.572163643999943, 39.461578887 ], [ -0.57216458299996, 39.461551879000098 ], [ -0.571990373999938, 39.461548240000099 ], [ -0.571991312999955, 39.461521232000102 ], [ -0.571782262999932, 39.4615168650001 ], [ -0.571783202999939, 39.461489858 ], [ -0.57170190599993, 39.461488159000098 ], [ -0.571703470999978, 39.461443147000097 ] ] ] } },
{ "type": "Feature", "properties": { "ObjectId": 324, "Shape__Area": 4534.2845458984375, "Shape__Length": 311.12114505816055, "area": 0.269917, "det_method": "Semi-automatic extraction", "dmg_src_id": 3, "event_type": "5-Flood", "notation": "Flooded area", "obj_desc": "Flash flood", "reference": "exact_time", "label": "Operational-product agreement" }, "geometry": { "type": "Polygon", "coordinates": [ [ [ -0.533785807999948, 39.462266395 ], [ -0.533669671999974, 39.462263931000102 ], [ -0.533672850999949, 39.462173908000103 ], [ -0.533556713999928, 39.462171444 ], [ -0.533569431999979, 39.461811353 ], [ -0.533685567999953, 39.461813817000099 ], [ -0.533688746999928, 39.461723795000097 ], [ -0.533921018999933, 39.4617287230001 ], [ -0.533917839999958, 39.461818746000098 ], [ -0.534033975999932, 39.46182121 ], [ -0.534030796999957, 39.461911233000102 ], [ -0.534146932999931, 39.461913697000099 ], [ -0.534134217999963, 39.462273788000097 ], [ -0.534018081999932, 39.462271324 ], [ -0.534014902999957, 39.462361347000098 ], [ -0.533782628999973, 39.462356418000098 ], [ -0.533785807999948, 39.462266395 ] ] ] } },
{ "type": "Feature", "properties": { "ObjectId": 325, "Shape__Area": 20900.858734130859, "Shape__Length": 1096.4564476853648, "area": 1.24416, "det_method": "Semi-automatic extraction", "dmg_src_id": 3, "event_type": "5-Flood", "notation": "Flooded area", "obj_desc": "Flash flood", "reference": "exact_time", "label": "Operational-product agreement" }, "geometry": { "type": "Polygon", "coordinates": [ [ [ -0.574315250999973, 39.4632094070001 ], [ -0.574431392999941, 39.463211831000102 ], [ -0.574440773999925, 39.462941754 ], [ -0.57455691499996, 39.462944178 ], [ -0.574563167999941, 39.462764127000099 ], [ -0.574330885999927, 39.4627592800001 ], [ -0.574324631999957, 39.46293933 ], [ -0.574092349999944, 39.462934483 ], [ -0.574089221999941, 39.463024508 ], [ -0.57339237399998, 39.463009961000097 ], [ -0.573386116999927, 39.463190012 ], [ -0.573269975999949, 39.463187587 ], [ -0.573273103999952, 39.463097562 ], [ -0.57304082099995, 39.463092712 ], [ -0.573037692999947, 39.463182737000103 ], [ -0.572921550999979, 39.463180312000098 ], [ -0.57291842199993, 39.463270337 ], [ -0.572906807999971, 39.463270094000102 ], [ -0.572767437999971, 39.463267184000102 ], [ -0.572772130999965, 39.463132146000099 ], [ -0.572806973999946, 39.463132874000102 ], [ -0.572811666999939, 39.462997836000099 ], [ -0.572846509999977, 39.462998564 ], [ -0.572851202999971, 39.462863526 ], [ -0.572886044999962, 39.462864253000099 ], [ -0.572890738999945, 39.462729215 ], [ -0.572925580999936, 39.462729943000099 ], [ -0.57293027399993, 39.462594905000103 ], [ -0.572965115999978, 39.462595632 ], [ -0.572969808999972, 39.462460594 ], [ -0.573004650999962, 39.462461322 ], [ -0.573007779999955, 39.4623712960001 ], [ -0.573181989999966, 39.462374934 ], [ -0.573185118999959, 39.4622849080001 ], [ -0.573301258999948, 39.462287333000098 ], [ -0.573298130999945, 39.462377359000101 ], [ -0.573414270999933, 39.462379784000099 ], [ -0.57341114299993, 39.462469809 ], [ -0.573527282999976, 39.462472234000103 ], [ -0.573530410999979, 39.462382208000101 ], [ -0.573646551999957, 39.462384633000099 ], [ -0.573652806999974, 39.462204582 ], [ -0.574117367999975, 39.462214279000101 ], [ -0.574114239999972, 39.462304304 ], [ -0.574346520999939, 39.462309152 ], [ -0.574337139999955, 39.462579229 ], [ -0.574453280999933, 39.462581652 ], [ -0.574450153999976, 39.462671678 ], [ -0.574682435999932, 39.462676525000099 ], [ -0.574679308999976, 39.462766551000101 ], [ -0.574795450999943, 39.462768974 ], [ -0.574789197999962, 39.4629490250001 ], [ -0.574673055999938, 39.462946602 ], [ -0.574666802999957, 39.463126652 ], [ -0.574782944999924, 39.463129076 ], [ -0.574776691999944, 39.463309127000102 ], [ -0.574660549999976, 39.4633067030001 ], [ -0.574657422999962, 39.463396729000102 ], [ -0.574308996999946, 39.463389458000101 ], [ -0.574315250999973, 39.4632094070001 ] ] ] } },
{ "type": "Feature", "properties": { "ObjectId": 323, "Shape__Area": 15954.708923339844, "Shape__Length": 648.02002366355771, "area": 0.949711, "det_method": "Semi-automatic extraction", "dmg_src_id": 3, "event_type": "5-Flood", "notation": "Flooded area", "obj_desc": "Flash flood", "reference": "exact_time", "label": "Operational-product agreement" }, "geometry": { "type": "Polygon", "coordinates": [ [ [ -0.538258027999973, 39.463982830000099 ], [ -0.538141887999927, 39.463980370000101 ], [ -0.538151408999965, 39.463710301 ], [ -0.538267548999954, 39.463712761000103 ], [ -0.538280242999974, 39.463352668 ], [ -0.538628658999926, 39.463360048 ], [ -0.538631831999965, 39.463270025 ], [ -0.538747970999964, 39.4632724840001 ], [ -0.538757489999966, 39.463002415000098 ], [ -0.538989766999975, 39.4630073330001 ], [ -0.538992938999968, 39.462917310000101 ], [ -0.53934135399993, 39.462924687000097 ], [ -0.539338181999938, 39.46301471 ], [ -0.539454319999948, 39.463017169000103 ], [ -0.539438459999928, 39.463467284 ], [ -0.539554599999974, 39.463469743000097 ], [ -0.539548255999932, 39.463649789 ], [ -0.539432115999944, 39.463647331000097 ], [ -0.539428943999951, 39.463737354 ], [ -0.539080524999974, 39.463729977000099 ], [ -0.539077352999925, 39.46382 ], [ -0.538961212999936, 39.463817541 ], [ -0.538958040999944, 39.463907564000102 ], [ -0.538841900999955, 39.463905105 ], [ -0.538838727999973, 39.4639951280001 ], [ -0.538722587999928, 39.463992668000103 ], [ -0.538719414999946, 39.464082691 ], [ -0.538254853999945, 39.464072853000097 ], [ -0.538258027999973, 39.463982830000099 ] ] ] } },
{ "type": "Feature", "properties": { "ObjectId": 322, "Shape__Area": 17298.424224853516, "Shape__Length": 933.07889047943308, "area": 1.029674, "det_method": "Semi-automatic extraction", "dmg_src_id": 3, "event_type": "5-Flood", "notation": "Flooded area", "obj_desc": "Flash flood", "reference": "exact_time", "label": "Operational-product agreement" }, "geometry": { "type": "Polygon", "coordinates": [ [ [ -0.525905810999973, 39.4648917150001 ], [ -0.525789670999927, 39.464889243000101 ], [ -0.52579604999994, 39.464709198 ], [ -0.525679909999951, 39.464706726 ], [ -0.525683099999981, 39.464616704 ], [ -0.525450819999946, 39.464611758 ], [ -0.525447629999974, 39.464701781 ], [ -0.525331489999928, 39.464699308 ], [ -0.525334679999958, 39.464609286 ], [ -0.525218539999969, 39.464606813 ], [ -0.525221730999931, 39.464516791000101 ], [ -0.524989451999943, 39.4645118440001 ], [ -0.524992641999972, 39.464421822000098 ], [ -0.524876502999973, 39.464419349 ], [ -0.524879693999935, 39.464329327 ], [ -0.524415135999959, 39.464319433000099 ], [ -0.52442151899993, 39.464139389 ], [ -0.52430537999993, 39.464136915 ], [ -0.524308571999939, 39.464046893 ], [ -0.524424710999938, 39.464049367 ], [ -0.524431093999965, 39.4638693220001 ], [ -0.524547231999975, 39.463871796 ], [ -0.524550422999937, 39.463781774 ], [ -0.524782699999946, 39.463786721000098 ], [ -0.524779508999927, 39.4638767430001 ], [ -0.525011785999936, 39.4638816900001 ], [ -0.525008595999964, 39.463971712 ], [ -0.525240872999973, 39.463976658 ], [ -0.525237682999943, 39.46406668 ], [ -0.525586099999941, 39.464074098 ], [ -0.525589289999971, 39.463984076 ], [ -0.52570542899997, 39.463986549 ], [ -0.525714997999955, 39.463716482000102 ], [ -0.525831135999965, 39.4637189540001 ], [ -0.525827946999925, 39.463808977 ], [ -0.525944084999935, 39.463811449 ], [ -0.525931326999967, 39.464171538000102 ], [ -0.526047466999955, 39.4641740100001 ], [ -0.526044276999926, 39.464264032000102 ], [ -0.526160416999971, 39.464266504000101 ], [ -0.526154037999959, 39.464446548000097 ], [ -0.52603789799997, 39.464444076000099 ], [ -0.52603470899993, 39.464534099 ], [ -0.525918568999941, 39.464531626000102 ], [ -0.525915379999958, 39.464621648 ], [ -0.526147659999936, 39.464626593 ], [ -0.52613809199994, 39.464896659 ], [ -0.526021950999962, 39.464894187 ], [ -0.526018761999978, 39.4649842090001 ], [ -0.525902620999943, 39.464981737000102 ], [ -0.525905810999973, 39.4648917150001 ] ] ] } },
{ "type": "Feature", "properties": { "ObjectId": 321, "Shape__Area": 6046.2803649902344, "Shape__Length": 362.97441777180688, "area": 0.359892, "det_method": "Semi-automatic extraction", "dmg_src_id": 3, "event_type": "5-Flood", "notation": "Flooded area", "obj_desc": "Flash flood", "reference": "exact_time", "label": "Operational-product agreement" }, "geometry": { "type": "Polygon", "coordinates": [ [ [ -0.542394718999958, 39.465331638000102 ], [ -0.542162433999977, 39.4653267260001 ], [ -0.542165601999955, 39.465236703000102 ], [ -0.54204945999993, 39.465234247000097 ], [ -0.542055797999978, 39.465054200000097 ], [ -0.542171939999946, 39.465056656000101 ], [ -0.542175107999924, 39.464966633000103 ], [ -0.542291249999948, 39.4649690890001 ], [ -0.542300755999975, 39.464699019000101 ], [ -0.54276532199998, 39.4647088420001 ], [ -0.542743145999964, 39.465339005 ], [ -0.542627003999939, 39.465336549 ], [ -0.542623835999962, 39.465426573000101 ], [ -0.542391549999934, 39.4654216610001 ], [ -0.542394718999958, 39.465331638000102 ] ] ] } },
{ "type": "Feature", "properties": { "ObjectId": 318, "Shape__Area": 21164.302154541016, "Shape__Length": 1062.491830008403, "area": 1.259613, "det_method": "Semi-automatic extraction", "dmg_src_id": 3, "event_type": "5-Flood", "notation": "Flooded area", "obj_desc": "Flash flood", "reference": "exact_time", "label": "Operational-product agreement" }, "geometry": { "type": "Polygon", "coordinates": [ [ [ -0.536080349999963, 39.469702455000103 ], [ -0.535731901999952, 39.4696950680001 ], [ -0.535735079999938, 39.469605045 ], [ -0.53550278199998, 39.469600119000098 ], [ -0.535505958999977, 39.469510097000096 ], [ -0.535273661999952, 39.46950517 ], [ -0.535276839999938, 39.469415148000103 ], [ -0.53504454199998, 39.469410221 ], [ -0.535047720999955, 39.469320198 ], [ -0.53481542399993, 39.469315271 ], [ -0.534812244999955, 39.469405294000097 ], [ -0.534696095999948, 39.46940283 ], [ -0.53468973899993, 39.469582876000104 ], [ -0.53457358999998, 39.469580412 ], [ -0.534583126999962, 39.4693103440001 ], [ -0.534466977999955, 39.46930788 ], [ -0.53447015699993, 39.469217857 ], [ -0.534354008999969, 39.469215393000098 ], [ -0.534357187999944, 39.469125371000104 ], [ -0.534241039999927, 39.469122906000102 ], [ -0.534244218999959, 39.4690328840001 ], [ -0.534128070999941, 39.469030419 ], [ -0.534131250999963, 39.468940397 ], [ -0.534015102999945, 39.468937932000102 ], [ -0.534021461999941, 39.468757887 ], [ -0.53390531499997, 39.468755423000097 ], [ -0.533914853999931, 39.468485355 ], [ -0.534147147999931, 39.468490283000101 ], [ -0.534150326999963, 39.468400261000099 ], [ -0.534498767999935, 39.468407653 ], [ -0.534492409999928, 39.4685876980001 ], [ -0.534608557999945, 39.468590162000098 ], [ -0.53460537899997, 39.468680185 ], [ -0.534721525999942, 39.468682649000101 ], [ -0.534718347999956, 39.468772671000103 ], [ -0.534950642999945, 39.468777599000099 ], [ -0.53494746399997, 39.468867621000101 ], [ -0.535179759999949, 39.468872548 ], [ -0.535176581999963, 39.468962571000098 ], [ -0.535292729999981, 39.468965034000099 ], [ -0.535289551999938, 39.469055057 ], [ -0.535521847999973, 39.469059983000101 ], [ -0.535518669999931, 39.469150006000099 ], [ -0.535634818999938, 39.469152468000097 ], [ -0.535631640999952, 39.469242491 ], [ -0.535980086999928, 39.469249879000103 ], [ -0.535976908999942, 39.469339902000101 ], [ -0.536209206999956, 39.469344827 ], [ -0.53620602999996, 39.469434849 ], [ -0.536438327999974, 39.469439774000101 ], [ -0.536435150999978, 39.469529797000099 ], [ -0.536551299999928, 39.469532259000097 ], [ -0.536544946999925, 39.469712304 ], [ -0.536312648999967, 39.46970738 ], [ -0.536309471999971, 39.469797403 ], [ -0.536077172999967, 39.469792478 ], [ -0.536080349999963, 39.469702455000103 ] ] ] } },
{ "type": "Feature", "properties": { "ObjectId": 317, "Shape__Area": 15957.334045410156, "Shape__Length": 673.73472357483581, "area": 0.9497, "det_method": "Semi-automatic extraction", "dmg_src_id": 3, "event_type": "5-Flood", "notation": "Flooded area", "obj_desc": "Flash flood", "reference": "exact_time", "label": "Operational-product agreement" }, "geometry": { "type": "Polygon", "coordinates": [ [ [ -0.525372342999958, 39.470105579000098 ], [ -0.524791597999979, 39.470093212000101 ], [ -0.52479478999993, 39.470003190000099 ], [ -0.52467864099998, 39.470000716000101 ], [ -0.524691407999967, 39.469640628 ], [ -0.524807555999928, 39.469643102000099 ], [ -0.524810747999936, 39.46955308 ], [ -0.524926895999954, 39.469555554000102 ], [ -0.524930086999973, 39.4694655320001 ], [ -0.525162382999952, 39.469470478000098 ], [ -0.525165573999971, 39.469380456000103 ], [ -0.525281721999932, 39.469382930000101 ], [ -0.525288103999969, 39.469202885000101 ], [ -0.525520398999959, 39.469207831000098 ], [ -0.52551720799994, 39.469297854 ], [ -0.525749502999929, 39.469302799 ], [ -0.525746312999956, 39.469392821 ], [ -0.526327051999942, 39.469405183 ], [ -0.526323862999959, 39.469495205 ], [ -0.526440010999977, 39.469497677 ], [ -0.526430442999924, 39.469767744000102 ], [ -0.526198145999956, 39.469762800000098 ], [ -0.526194955999927, 39.469852822000099 ], [ -0.525614212999926, 39.469840459000103 ], [ -0.525604640999973, 39.470110525000102 ], [ -0.525488491999965, 39.4701080520001 ], [ -0.525485300999947, 39.470198074000102 ], [ -0.525369151999939, 39.4701956010001 ], [ -0.525372342999958, 39.470105579000098 ] ] ] } },
{ "type": "Feature", "properties": { "ObjectId": 316, "Shape__Area": 23348.637786865234, "Shape__Length": 1346.1363732964787, "area": 1.389579, "det_method": "Semi-automatic extraction", "dmg_src_id": 3, "event_type": "5-Flood", "notation": "Flooded area", "obj_desc": "Flash flood", "reference": "exact_time", "label": "Operational-product agreement" }, "geometry": { "type": "Polygon", "coordinates": [ [ [ -0.537800366999932, 39.470369539 ], [ -0.53780354099996, 39.470279516000097 ], [ -0.537571240999966, 39.470274594 ], [ -0.537574415999927, 39.470184571000097 ], [ -0.537690565999981, 39.470187032000098 ], [ -0.537693740999941, 39.470097009 ], [ -0.538158340999928, 39.4701068520001 ], [ -0.538161515999946, 39.470016829 ], [ -0.538858415999925, 39.470031589 ], [ -0.538861588999964, 39.469941566 ], [ -0.539558488999944, 39.469956321 ], [ -0.539561661999926, 39.469866298000099 ], [ -0.539677810999933, 39.469868757 ], [ -0.539674638999941, 39.469958780000098 ], [ -0.539906938999934, 39.4699636980001 ], [ -0.539910110999926, 39.469873675 ], [ -0.54142006099994, 39.469905626000099 ], [ -0.541423230999953, 39.469815603 ], [ -0.542584730999977, 39.469840168000097 ], [ -0.54257522499995, 39.470110238000103 ], [ -0.541878321999945, 39.470095500000099 ], [ -0.541875151999932, 39.470185523000097 ], [ -0.540829797999947, 39.470163409000101 ], [ -0.540826626999944, 39.470253432 ], [ -0.540710475999958, 39.470250974000102 ], [ -0.540713646999961, 39.470160951 ], [ -0.540481346999968, 39.470156035000102 ], [ -0.540478174999976, 39.470246058 ], [ -0.539316669999948, 39.470221472 ], [ -0.539314987999944, 39.470269196000103 ], [ -0.539313496999966, 39.470311495 ], [ -0.537919691999946, 39.470281976000102 ], [ -0.537916516999928, 39.470371999000101 ], [ -0.537876301999972, 39.470371147 ], [ -0.537800366999932, 39.470369539 ] ] ] } },
{ "type": "Feature", "properties": { "ObjectId": 314, "Shape__Area": 8734.8188171386719, "Shape__Length": 931.91966747829315, "area": 0.519845, "det_method": "Semi-automatic extraction", "dmg_src_id": 3, "event_type": "5-Flood", "notation": "Flooded area", "obj_desc": "Flash flood", "reference": "exact_time", "label": "Operational-product agreement" }, "geometry": { "type": "Polygon", "coordinates": [ [ [ -0.546050252999976, 39.470453934 ], [ -0.546050778999927, 39.47043896 ], [ -0.546053417999929, 39.470363910000103 ], [ -0.545704963999924, 39.470356552000098 ], [ -0.545708128999934, 39.470266529000099 ], [ -0.545359675999975, 39.470259170000098 ], [ -0.545362840999928, 39.470169147 ], [ -0.544201332999933, 39.470144609 ], [ -0.544204499999978, 39.470054586000103 ], [ -0.543856047999952, 39.470047223000101 ], [ -0.543859214999941, 39.469957199000099 ], [ -0.543162312999925, 39.469942469 ], [ -0.54316548099996, 39.469852446000097 ], [ -0.544791583999938, 39.469886809000101 ], [ -0.544788417999939, 39.469976833 ], [ -0.545136869999965, 39.469984193000101 ], [ -0.545133704999955, 39.470074217 ], [ -0.545598306999977, 39.470084029000098 ], [ -0.545595142999957, 39.4701740530001 ], [ -0.54582744399994, 39.470178958000098 ], [ -0.545824279999977, 39.4702689820001 ], [ -0.546405034999964, 39.470281244 ], [ -0.546401870999944, 39.470371267000097 ], [ -0.546634173999962, 39.470376171000098 ], [ -0.546631009999942, 39.470466195 ], [ -0.546192986999927, 39.470456947000102 ], [ -0.546050252999976, 39.470453934 ] ] ] } },
{ "type": "Feature", "properties": { "ObjectId": 311, "Shape__Area": 6047.6707153320312, "Shape__Length": 569.6683865505255, "area": 0.3599, "det_method": "Semi-automatic extraction", "dmg_src_id": 3, "event_type": "5-Flood", "notation": "Flooded area", "obj_desc": "Flash flood", "reference": "exact_time", "label": "Operational-product agreement" }, "geometry": { "type": "Polygon", "coordinates": [ [ [ -0.567723761999957, 39.472260894 ], [ -0.567720624999936, 39.4723509190001 ], [ -0.567604468999946, 39.472348488000101 ], [ -0.567607604999978, 39.472258463000102 ], [ -0.567491448999931, 39.472256032000097 ], [ -0.567494585999953, 39.472166007000098 ], [ -0.567843053999979, 39.472173300000101 ], [ -0.567846190999944, 39.472083275 ], [ -0.567962346999934, 39.472085706 ], [ -0.56795920999997, 39.472175731 ], [ -0.569004615999972, 39.472197602000101 ], [ -0.56900148099993, 39.4722876270001 ], [ -0.569349950999936, 39.472294915000099 ], [ -0.56934681599995, 39.47238494 ], [ -0.569462972999929, 39.47238737 ], [ -0.569459837999943, 39.472477395000098 ], [ -0.568530584999962, 39.472457957000103 ], [ -0.568533719999948, 39.472367932000097 ], [ -0.567836780999926, 39.47235335 ], [ -0.567839917999947, 39.472263325 ], [ -0.567723761999957, 39.472260894 ] ] ] } },
{ "type": "Feature", "properties": { "ObjectId": 312, "Shape__Area": 5207.7554931640625, "Shape__Length": 517.92930286784122, "area": 0.309916, "det_method": "Semi-automatic extraction", "dmg_src_id": 3, "event_type": "5-Flood", "notation": "Flooded area", "obj_desc": "Flash flood", "reference": "exact_time", "label": "Operational-product agreement" }, "geometry": { "type": "Polygon", "coordinates": [ [ [ -0.575041633999945, 39.472413812000099 ], [ -0.575157790999924, 39.4724162360001 ], [ -0.575160917999938, 39.472326210000098 ], [ -0.575277074999974, 39.4723286340001 ], [ -0.575280201999931, 39.472238608000097 ], [ -0.575512514999957, 39.472243455000097 ], [ -0.575515641999971, 39.472153429000102 ], [ -0.576328739999951, 39.472170388000102 ], [ -0.576331864999929, 39.472080363 ], [ -0.576796491999971, 39.472090051000102 ], [ -0.576793366999937, 39.472180077000097 ], [ -0.576561052999978, 39.472175233 ], [ -0.576557927999943, 39.472265258 ], [ -0.576325613999927, 39.472260414000097 ], [ -0.576322488999949, 39.472350439 ], [ -0.575857859999928, 39.472340749000097 ], [ -0.575854733999961, 39.472430775000099 ], [ -0.57539010499994, 39.472421082 ], [ -0.575386978999973, 39.472511108 ], [ -0.575038506999931, 39.472503837 ], [ -0.575041633999945, 39.472413812000099 ] ] ] } },
{ "type": "Feature", "properties": { "ObjectId": 313, "Shape__Area": 15452.256927490234, "Shape__Length": 699.68104339199567, "area": 0.919654, "det_method": "Semi-automatic extraction", "dmg_src_id": 3, "event_type": "5-Flood", "notation": "Flooded area", "obj_desc": "Flash flood", "reference": "exact_time", "label": "Operational-product agreement" }, "geometry": { "type": "Polygon", "coordinates": [ [ [ -0.459717715999943, 39.469589952 ], [ -0.459369288999937, 39.469582336 ], [ -0.459372564999967, 39.4694923180001 ], [ -0.459140280999975, 39.46948724 ], [ -0.459143556999948, 39.469397222000097 ], [ -0.45902741499998, 39.469394683000097 ], [ -0.459030690999953, 39.469304666 ], [ -0.459146832999977, 39.469307205000099 ], [ -0.459156660999952, 39.469037152000098 ], [ -0.458692095999936, 39.469026995 ], [ -0.458701925999947, 39.468756942 ], [ -0.459050347999948, 39.4687645610001 ], [ -0.459053624999967, 39.468674543000098 ], [ -0.459169764999956, 39.468677082000099 ], [ -0.459166488999927, 39.4687671 ], [ -0.459631052999953, 39.468777256000102 ], [ -0.45962777799997, 39.4688672730001 ], [ -0.459860059999926, 39.46887235 ], [ -0.459863334999966, 39.468782333 ], [ -0.459979475999944, 39.468784871 ], [ -0.459969650999938, 39.469054924 ], [ -0.460085791999973, 39.469057462000102 ], [ -0.460082516999933, 39.469147480000103 ], [ -0.460198658999957, 39.4691500180001 ], [ -0.460195383999974, 39.469240036 ], [ -0.460311525999941, 39.469242574000099 ], [ -0.460298426999941, 39.469602644000098 ], [ -0.460182284999973, 39.469600106 ], [ -0.460179009999933, 39.469690123000099 ], [ -0.459714439999971, 39.469679970000101 ], [ -0.459717715999943, 39.469589952 ] ] ] } },
{ "type": "Feature", "properties": { "ObjectId": 315, "Shape__Area": 15116.698684692383, "Shape__Length": 777.50196240412049, "area": 0.899682, "det_method": "Semi-automatic extraction", "dmg_src_id": 3, "event_type": "5-Flood", "notation": "Flooded area", "obj_desc": "Flash flood", "reference": "exact_time", "label": "Operational-product agreement" }, "geometry": { "type": "Polygon", "coordinates": [ [ [ -0.483314371999938, 39.469562797 ], [ -0.483198227999935, 39.469560282 ], [ -0.483207962999927, 39.469290224000098 ], [ -0.48309181999997, 39.469287709000099 ], [ -0.483101554999962, 39.469017652 ], [ -0.483217698999965, 39.469020167000103 ], [ -0.483220943999925, 39.468930148 ], [ -0.483569373999956, 39.468937693 ], [ -0.483572617999926, 39.468847674000102 ], [ -0.483921047999956, 39.468855217000097 ], [ -0.483924291999926, 39.468765198 ], [ -0.484156577999954, 39.468770227 ], [ -0.484153334999974, 39.468860246000098 ], [ -0.484385620999944, 39.468865274000102 ], [ -0.484388864999971, 39.468775255 ], [ -0.48485343699997, 39.46878531 ], [ -0.484843708999961, 39.469055368000099 ], [ -0.484146846999977, 39.469040285000098 ], [ -0.48414360299995, 39.469130304 ], [ -0.484027458999947, 39.469127789 ], [ -0.484024214999977, 39.469217809 ], [ -0.483908070999973, 39.469215294 ], [ -0.48389833899995, 39.469485352 ], [ -0.484014482999953, 39.469487866000101 ], [ -0.484007994999956, 39.469667905000101 ], [ -0.483891849999964, 39.46966539 ], [ -0.483882116999951, 39.469935448000101 ], [ -0.483649826999965, 39.469930419 ], [ -0.483653071999925, 39.469840399000098 ], [ -0.483536926999932, 39.469837885000103 ], [ -0.483540171999948, 39.469747865 ], [ -0.483307881999963, 39.469742835 ], [ -0.483314371999938, 39.469562797 ] ] ] } },
{ "type": "Feature", "properties": { "ObjectId": 310, "Shape__Area": 12430.550659179688, "Shape__Length": 699.62100355065934, "area": 0.739739, "det_method": "Semi-automatic extraction", "dmg_src_id": 3, "event_type": "5-Flood", "notation": "Flooded area", "obj_desc": "Flash flood", "reference": "exact_time", "label": "Operational-product agreement" }, "geometry": { "type": "Polygon", "coordinates": [ [ [ -0.484813909999957, 39.473108748000101 ], [ -0.48469775999996, 39.473106234000099 ], [ -0.484707489999948, 39.472836176 ], [ -0.484591339999952, 39.472833662 ], [ -0.484601071999975, 39.472563605000097 ], [ -0.48494951999993, 39.472571146000099 ], [ -0.484952762999967, 39.472481127 ], [ -0.485881958999926, 39.472501232000099 ], [ -0.485885200999974, 39.472411213 ], [ -0.486465947999932, 39.472423775 ], [ -0.486459464999939, 39.472603813 ], [ -0.486227165999935, 39.472598789000102 ], [ -0.486223923999944, 39.472688808 ], [ -0.485991623999951, 39.472683783 ], [ -0.48598838199996, 39.472773803000102 ], [ -0.485756082999956, 39.472768777000098 ], [ -0.485752839999975, 39.472858796 ], [ -0.485636689999978, 39.472856284 ], [ -0.48563020499995, 39.473036322 ], [ -0.485514054999953, 39.4730338090001 ], [ -0.485520539999925, 39.472853771000104 ], [ -0.485404389999928, 39.472851257000102 ], [ -0.485401146999948, 39.472941277000103 ], [ -0.485284996999951, 39.472938763000101 ], [ -0.485278511999979, 39.473118802 ], [ -0.48504621099994, 39.473113775000101 ], [ -0.485042967999959, 39.473203794 ], [ -0.48481066599993, 39.473198767 ], [ -0.484813909999957, 39.473108748000101 ] ] ] } },
{ "type": "Feature", "properties": { "ObjectId": 309, "Shape__Area": 15454.39192199707, "Shape__Length": 752.0916173158214, "area": 0.919675, "det_method": "Semi-automatic extraction", "dmg_src_id": 3, "event_type": "5-Flood", "notation": "Flooded area", "obj_desc": "Flash flood", "reference": "exact_time", "label": "Operational-product agreement" }, "geometry": { "type": "Polygon", "coordinates": [ [ [ -0.48408780799997, 39.473903835 ], [ -0.483971655999937, 39.473901321 ], [ -0.48397814499998, 39.473721283 ], [ -0.483861993999938, 39.473718768 ], [ -0.48387172799994, 39.473448710000099 ], [ -0.483755577999943, 39.473446196000097 ], [ -0.48376206699993, 39.473266157000097 ], [ -0.483645916999933, 39.473263642000099 ], [ -0.483652406999965, 39.473083604000102 ], [ -0.483536255999979, 39.473081089000097 ], [ -0.483545991999961, 39.472811032 ], [ -0.483429841999964, 39.472808517 ], [ -0.483439577999945, 39.472538459000098 ], [ -0.483555726999953, 39.472540974 ], [ -0.483558971999969, 39.472450955000099 ], [ -0.483675120999976, 39.472453470000097 ], [ -0.483678365999936, 39.472363451 ], [ -0.48391066399995, 39.472368481 ], [ -0.48390741999998, 39.472458500000101 ], [ -0.48402356899993, 39.472461014 ], [ -0.484010590999958, 39.4728210910001 ], [ -0.484126740999955, 39.472823605 ], [ -0.484123496999928, 39.472913625 ], [ -0.484239646999924, 39.472916139000098 ], [ -0.484229913999968, 39.473186197000103 ], [ -0.484346063999965, 39.473188711 ], [ -0.484339575999968, 39.473368749 ], [ -0.484455726999954, 39.473371263 ], [ -0.48444599499993, 39.473641321000102 ], [ -0.484562145999973, 39.473643835000097 ], [ -0.484558901999947, 39.473733854 ], [ -0.484675053999979, 39.473736368000097 ], [ -0.484668565999925, 39.473916407 ], [ -0.48455241399995, 39.473913893 ], [ -0.484549170999969, 39.4740039120001 ], [ -0.484084562999954, 39.473993855000103 ], [ -0.48408780799997, 39.473903835 ] ] ] } },
{ "type": "Feature", "properties": { "ObjectId": 308, "Shape__Area": 23183.871246337891, "Shape__Length": 933.01825958914776, "area": 1.37954, "det_method": "Semi-automatic extraction", "dmg_src_id": 3, "event_type": "5-Flood", "notation": "Flooded area", "obj_desc": "Flash flood", "reference": "exact_time", "label": "Operational-product agreement" }, "geometry": { "type": "Polygon", "coordinates": [ [ [ -0.50596031699996, 39.476627531000098 ], [ -0.50561184299994, 39.476620052 ], [ -0.505615059999968, 39.476530031 ], [ -0.505498901999943, 39.476527538 ], [ -0.505502118999971, 39.4764375170001 ], [ -0.505269803999965, 39.4764325310001 ], [ -0.505273020999937, 39.476342510000102 ], [ -0.504924547999963, 39.476335029 ], [ -0.50492776599998, 39.476245008 ], [ -0.504695450999975, 39.47624002 ], [ -0.504698669999925, 39.47615 ], [ -0.504582511999956, 39.476147506000103 ], [ -0.504588948999924, 39.475967465000103 ], [ -0.50470510599996, 39.475969959000103 ], [ -0.504708323999978, 39.475879938 ], [ -0.505056794999973, 39.47588742 ], [ -0.50506644799998, 39.4756173580001 ], [ -0.504950290999943, 39.4756148640001 ], [ -0.504953508999961, 39.475524844000098 ], [ -0.504721196999981, 39.475519856000098 ], [ -0.504730850999977, 39.475249794 ], [ -0.505079317999957, 39.475257276 ], [ -0.505076100999929, 39.475347296000102 ], [ -0.505308412999966, 39.475352284000103 ], [ -0.505305194999949, 39.475442304000097 ], [ -0.505537506999929, 39.475447291000101 ], [ -0.505534289999957, 39.475537311 ], [ -0.505766602999927, 39.4755422980001 ], [ -0.505763385999956, 39.475632318000102 ], [ -0.505995698999925, 39.475637304 ], [ -0.505992482999943, 39.475727325 ], [ -0.506108638999933, 39.475729817000101 ], [ -0.506105422999951, 39.475819838000099 ], [ -0.506221579999931, 39.475822331000103 ], [ -0.506215146999978, 39.476002372 ], [ -0.506563618999962, 39.476009849 ], [ -0.50656040299998, 39.47609987 ], [ -0.506328087999975, 39.476094885000101 ], [ -0.506324871999936, 39.4761849060001 ], [ -0.506208714999957, 39.476182413000103 ], [ -0.506192632999955, 39.476632516000102 ], [ -0.506076474999929, 39.476630024 ], [ -0.506073258999947, 39.476720044 ], [ -0.505957099999932, 39.476717551 ], [ -0.50596031699996, 39.476627531000098 ] ] ] } },
{ "type": "Feature", "properties": { "ObjectId": 305, "Shape__Area": 16134.539428710938, "Shape__Length": 959.29495527800009, "area": 0.959632, "det_method": "Semi-automatic extraction", "dmg_src_id": 3, "event_type": "5-Flood", "notation": "Flooded area", "obj_desc": "Flash flood", "reference": "exact_time", "label": "Operational-product agreement" }, "geometry": { "type": "Polygon", "coordinates": [ [ [ -0.451094662999935, 39.4924638970001 ], [ -0.45109137299994, 39.492553914 ], [ -0.450742833999925, 39.492546268000098 ], [ -0.450746123999977, 39.4924562510001 ], [ -0.450629943999957, 39.492453702 ], [ -0.450633233999952, 39.492363686 ], [ -0.450400875999946, 39.492358588000101 ], [ -0.450404165999942, 39.492268571000103 ], [ -0.450287985999978, 39.492266022000102 ], [ -0.450291276999963, 39.492176005 ], [ -0.450175097999931, 39.492173456 ], [ -0.450178387999927, 39.49208344 ], [ -0.450062208999952, 39.492080890000103 ], [ -0.450065499999937, 39.491990874000102 ], [ -0.449949320999963, 39.491988324 ], [ -0.449955901999942, 39.491808291 ], [ -0.449839723999958, 39.4918057410001 ], [ -0.449843014999942, 39.491715725000098 ], [ -0.449726835999968, 39.491713175 ], [ -0.449733417999937, 39.491533142 ], [ -0.449617239999952, 39.491530592000103 ], [ -0.449620530999937, 39.491440576000102 ], [ -0.449969063999959, 39.491448225000099 ], [ -0.449965773999963, 39.491538242 ], [ -0.450198129999933, 39.491543340000099 ], [ -0.450194839999938, 39.491633357000097 ], [ -0.450311017999979, 39.491635906000099 ], [ -0.450307727999927, 39.491725923 ], [ -0.450540083999954, 39.491731021000099 ], [ -0.450536793999959, 39.491821038000097 ], [ -0.450769150999974, 39.491826135000103 ], [ -0.450765861999969, 39.491916152 ], [ -0.450882039999954, 39.491918701 ], [ -0.450878750999948, 39.492008717 ], [ -0.451111107999964, 39.492013814000103 ], [ -0.451107818999958, 39.492103831000101 ], [ -0.451223997999932, 39.492106379000099 ], [ -0.451220708999927, 39.492196396000097 ], [ -0.451453067999978, 39.492201492 ], [ -0.451449778999972, 39.492291509 ], [ -0.451565957999946, 39.492294057 ], [ -0.45156266999993, 39.492384074 ], [ -0.451678848999961, 39.492386622 ], [ -0.451675560999945, 39.492476638 ], [ -0.451791739999976, 39.492479186 ], [ -0.451772009999956, 39.493019286 ], [ -0.451655829999936, 39.493016738000101 ], [ -0.451662406999958, 39.492836705000101 ], [ -0.451546225999948, 39.492834157000097 ], [ -0.451552803999959, 39.492654123000101 ], [ -0.451436623999939, 39.492651575 ], [ -0.451439912999945, 39.492561559000102 ], [ -0.451323732999924, 39.492559011 ], [ -0.45132702199993, 39.492468994 ], [ -0.451094662999935, 39.4924638970001 ] ] ] } },
{ "type": "Feature", "properties": { "ObjectId": 304, "Shape__Area": 15631.419342041016, "Shape__Length": 856.13072762622926, "area": 0.929646, "det_method": "Semi-automatic extraction", "dmg_src_id": 3, "event_type": "5-Flood", "notation": "Flooded area", "obj_desc": "Flash flood", "reference": "exact_time", "label": "Operational-product agreement" }, "geometry": { "type": "Polygon", "coordinates": [ [ [ -0.452329898999949, 39.49366214 ], [ -0.452794625999957, 39.493672328000102 ], [ -0.45279133899993, 39.4937623450001 ], [ -0.452907520999929, 39.493764892000101 ], [ -0.452904233999959, 39.493854909 ], [ -0.453020415999958, 39.493857455000096 ], [ -0.453013841999962, 39.494037489 ], [ -0.453130023999961, 39.494040035000097 ], [ -0.453120163999927, 39.494310085000102 ], [ -0.453236346999972, 39.494312632000103 ], [ -0.453229772999975, 39.494492665000102 ], [ -0.453345955999964, 39.494495212000103 ], [ -0.453339382999957, 39.494675245000103 ], [ -0.453455566999935, 39.4946777910001 ], [ -0.453445706999958, 39.494947841000098 ], [ -0.453561890999936, 39.494950388000099 ], [ -0.453548745999967, 39.495310454 ], [ -0.453664930999935, 39.495313001000099 ], [ -0.453655071999947, 39.495583051 ], [ -0.453538886999979, 39.495580505000099 ], [ -0.45354217299996, 39.495490488 ], [ -0.453425987999935, 39.495487942000103 ], [ -0.453432561999932, 39.495307908 ], [ -0.453316376999965, 39.495305362000103 ], [ -0.453319663999935, 39.495215345000098 ], [ -0.453203478999967, 39.4952127990001 ], [ -0.453206765999937, 39.495122782000102 ], [ -0.453090581999959, 39.495120235000101 ], [ -0.453093868999929, 39.4950302190001 ], [ -0.452977684999951, 39.495027672 ], [ -0.452980971999978, 39.494937655000101 ], [ -0.452864787999943, 39.494935109 ], [ -0.452871362999929, 39.4947550750001 ], [ -0.452755178999951, 39.494752528 ], [ -0.452761753999937, 39.494572495000099 ], [ -0.452645569999959, 39.494569948 ], [ -0.452652144999945, 39.494389915000099 ], [ -0.452535961999956, 39.494387368 ], [ -0.452542536999943, 39.494207334000102 ], [ -0.452426354999943, 39.494204787000101 ], [ -0.452439505999962, 39.493844721000102 ], [ -0.452323323999963, 39.493842173000097 ], [ -0.452329898999949, 39.49366214 ] ] ] } },
{ "type": "Feature", "properties": { "ObjectId": 303, "Shape__Area": 35301.199645996094, "Shape__Length": 1580.2784212540053, "area": 2.099215, "det_method": "Semi-automatic extraction", "dmg_src_id": 3, "event_type": "5-Flood", "notation": "Flooded area", "obj_desc": "Flash flood", "reference": "exact_time", "label": "Operational-product agreement" }, "geometry": { "type": "Polygon", "coordinates": [ [ [ -0.46153426799998, 39.499539179000102 ], [ -0.461418075999973, 39.499536641000098 ], [ -0.461421351999945, 39.499446623 ], [ -0.46107277599998, 39.499439007 ], [ -0.461076052999942, 39.49934899 ], [ -0.460727477999967, 39.499341373 ], [ -0.460730754999929, 39.499251356000102 ], [ -0.460614562999979, 39.499248816 ], [ -0.46061784099993, 39.499158799 ], [ -0.460501649999969, 39.499156260000099 ], [ -0.460504926999931, 39.499066243000101 ], [ -0.46038873599997, 39.499063703 ], [ -0.460398569999938, 39.498793652000103 ], [ -0.460630951999974, 39.4987987310001 ], [ -0.460634229999926, 39.498708714 ], [ -0.457729463999954, 39.498645195000101 ], [ -0.45773274499993, 39.498555178000103 ], [ -0.457500363999941, 39.498550093000098 ], [ -0.457503645999964, 39.498460077000097 ], [ -0.457619835999935, 39.498462619000101 ], [ -0.457623117999958, 39.498372602000103 ], [ -0.45773930799993, 39.4983751440001 ], [ -0.457742588999963, 39.498285127 ], [ -0.459369247999973, 39.498320706000101 ], [ -0.459365968999975, 39.498410723000099 ], [ -0.459714539999936, 39.4984183440001 ], [ -0.459711260999939, 39.498508361000098 ], [ -0.459827450999967, 39.498510902000099 ], [ -0.459824172999959, 39.498600919000097 ], [ -0.45994036299993, 39.498603459 ], [ -0.459943641999928, 39.498513442 ], [ -0.460640784999953, 39.498528679000103 ], [ -0.460637506999944, 39.498618696000101 ], [ -0.46121846099993, 39.498631391000103 ], [ -0.461215183999968, 39.498721409 ], [ -0.461679946999936, 39.498731563 ], [ -0.461676670999964, 39.49882158 ], [ -0.461909052999943, 39.498826656000098 ], [ -0.46190250099994, 39.499006691 ], [ -0.462018692999948, 39.499009229000102 ], [ -0.462015416999975, 39.4990992460001 ], [ -0.462247799999943, 39.499104321000097 ], [ -0.462251075999973, 39.499014304000099 ], [ -0.462483458999941, 39.499019379000103 ], [ -0.462476907999928, 39.499199414 ], [ -0.462360715999978, 39.499196876 ], [ -0.462347613999953, 39.499556945000101 ], [ -0.462231421999945, 39.499554408000101 ], [ -0.462228145999973, 39.499644425 ], [ -0.461530990999961, 39.4996291960001 ], [ -0.46153426799998, 39.499539179000102 ] ] ] } },
{ "type": "Feature", "properties": { "ObjectId": 831, "Shape__Area": 4346.9907531738281, "Shape__Length": 512.84419415985064, "area": 0.258598, "det_method": "Semi-automatic extraction", "dmg_src_id": 3, "event_type": "5-Flood", "notation": "Flooded area", "obj_desc": "Flash flood", "reference": "exact_time", "label": "Operational-product agreement" }, "geometry": { "type": "Polygon", "coordinates": [ [ [ -0.438807676999943, 39.485149374000102 ], [ -0.43880868499997, 39.485121921 ], [ -0.438813645999971, 39.484986765 ], [ -0.439857231999952, 39.485009762000097 ], [ -0.43985392899998, 39.485099778000098 ], [ -0.440667092999945, 39.48511769 ], [ -0.440663790999963, 39.485207706 ], [ -0.440665634999959, 39.485207747000103 ], [ -0.440659670999935, 39.485370349 ], [ -0.440427345999979, 39.485365232 ], [ -0.440433949999942, 39.485185207 ], [ -0.438949419999972, 39.485152497000101 ], [ -0.438807676999943, 39.485149374000102 ] ] ] } },
{ "type": "Feature", "properties": { "ObjectId": 810, "Shape__Area": 29387.461044311523, "Shape__Length": 1692.7535888557697, "area": 1.748036, "det_method": "Semi-automatic extraction", "dmg_src_id": 3, "event_type": "5-Flood", "notation": "Flooded area", "obj_desc": "Flash flood", "reference": "exact_time", "label": "Operational-product agreement" }, "geometry": { "type": "Polygon", "coordinates": [ [ [ -0.445547896999926, 39.48730234 ], [ -0.444407813999931, 39.4865145200001 ], [ -0.444713516999968, 39.486555247000098 ], [ -0.44483637999997, 39.486571616 ], [ -0.446519271999932, 39.487657394000102 ], [ -0.448102409999933, 39.489789742 ], [ -0.449047706999977, 39.490859283000098 ], [ -0.448981003999961, 39.491000835000101 ], [ -0.447369926999954, 39.489630637000097 ], [ -0.446682774999942, 39.488233051000101 ], [ -0.445942547999948, 39.487625993000101 ], [ -0.445547896999926, 39.48730234 ] ] ] } }
]
}
